device_id,sensor_type,value,unit,timestamp,location,latitude,longitude,is_indoor,floor
sensor-1,humidity,2.85,%,2025-06-06 00:00:00,asd,44.434114,26.053564,False,3
sensor-1,humidity,57.51,%,2025-06-06 00:01:00,asd,44.434114,26.053564,False,1
sensor-1,humidity,34.23,%,2025-06-06 00:02:00,asd,44.434114,26.053564,True,0
sensor-1,humidity,72.21,%,2025-06-06 00:03:00,asd,44.434114,26.053564,False,0
sensor-1,humidity,32.27,%,2025-06-06 00:04:00,asd,44.434114,26.053564,False,3
sensor-1,humidity,9.21,%,2025-06-06 00:05:00,asd,44.434114,26.053564,True,1
sensor-1,humidity,60.28,%,2025-06-06 00:06:00,asd,44.434114,26.053564,False,2
sensor-1,humidity,74.57,%,2025-06-06 00:07:00,asd,44.434114,26.053564,True,3
sensor-1,humidity,45.72,%,2025-06-06 00:08:00,asd,44.434114,26.053564,True,2
sensor-1,humidity,91.38,%,2025-06-06 00:09:00,asd,44.434114,26.053564,False,0
sensor-1,humidity,13.23,%,2025-06-06 00:10:00,asd,44.434114,26.053564,True,0
sensor-1,humidity,98.23,%,2025-06-06 00:11:00,asd,44.434114,26.053564,False,3
sensor-1,humidity,64.22,%,2025-06-06 00:12:00,asd,44.434114,26.053564,False,3
sensor-1,humidity,26.6,%,2025-06-06 00:13:00,asd,44.434114,26.053564,True,0
sensor-1,humidity,58.58,%,2025-06-06 00:14:00,asd,44.434114,26.053564,False,0
sensor-1,humidity,77.26,%,2025-06-06 00:15:00,asd,44.434114,26.053564,False,0
sensor-1,humidity,17.88,%,2025-06-06 00:16:00,asd,44.434114,26.053564,False,3
sensor-1,humidity,22.29,%,2025-06-06 00:17:00,asd,44.434114,26.053564,True,1
sensor-1,humidity,95.15,%,2025-06-06 00:18:00,asd,44.434114,26.053564,True,2
sensor-1,humidity,74.66,%,2025-06-06 00:19:00,asd,44.434114,26.053564,True,0
sensor-1,humidity,46.23,%,2025-06-06 00:20:00,asd,44.434114,26.053564,True,2
sensor-1,humidity,32.99,%,2025-06-06 00:21:00,asd,44.434114,26.053564,True,0
sensor-1,humidity,76.43,%,2025-06-06 00:22:00,asd,44.434114,26.053564,True,1
sensor-1,humidity,95.42,%,2025-06-06 00:23:00,asd,44.434114,26.053564,True,0
sensor-1,humidity,82.13,%,2025-06-06 00:24:00,asd,44.434114,26.053564,True,0
sensor-1,humidity,11.08,%,2025-06-06 00:25:00,asd,44.434114,26.053564,True,1
sensor-1,humidity,41.29,%,2025-06-06 00:26:00,asd,44.434114,26.053564,False,1
sensor-1,humidity,28.37,%,2025-06-06 00:27:00,asd,44.434114,26.053564,True,1
sensor-1,humidity,68.39,%,2025-06-06 00:28:00,asd,44.434114,26.053564,False,3
sensor-1,humidity,21.53,%,2025-06-06 00:29:00,asd,44.434114,26.053564,False,1
sensor-1,humidity,90.14,%,2025-06-06 00:30:00,asd,44.434114,26.053564,True,2
sensor-1,humidity,87.5,%,2025-06-06 00:31:00,asd,44.434114,26.053564,True,0
sensor-1,humidity,93.84,%,2025-06-06 00:32:00,asd,44.434114,26.053564,True,2
sensor-1,humidity,22.81,%,2025-06-06 00:33:00,asd,44.434114,26.053564,False,3
sensor-1,humidity,8.86,%,2025-06-06 00:34:00,asd,44.434114,26.053564,False,0
sensor-1,humidity,49.69,%,2025-06-06 00:35:00,asd,44.434114,26.053564,True,0
sensor-1,humidity,14.55,%,2025-06-06 00:36:00,asd,44.434114,26.053564,False,1
sensor-1,humidity,11.55,%,2025-06-06 00:37:00,asd,44.434114,26.053564,True,3
sensor-1,humidity,88.74,%,2025-06-06 00:38:00,asd,44.434114,26.053564,True,3
sensor-1,humidity,89.67,%,2025-06-06 00:39:00,asd,44.434114,26.053564,True,0
sensor-1,humidity,8.33,%,2025-06-06 00:40:00,asd,44.434114,26.053564,True,1
sensor-1,humidity,97.55,%,2025-06-06 00:41:00,asd,44.434114,26.053564,True,2
sensor-1,humidity,82.72,%,2025-06-06 00:42:00,asd,44.434114,26.053564,True,3
sensor-1,humidity,7.97,%,2025-06-06 00:43:00,asd,44.434114,26.053564,True,0
sensor-1,humidity,36.51,%,2025-06-06 00:44:00,asd,44.434114,26.053564,True,1
sensor-1,humidity,19.03,%,2025-06-06 00:45:00,asd,44.434114,26.053564,False,2
sensor-1,humidity,67.38,%,2025-06-06 00:46:00,asd,44.434114,26.053564,True,2
sensor-1,humidity,41.03,%,2025-06-06 00:47:00,asd,44.434114,26.053564,True,1
sensor-1,humidity,67.04,%,2025-06-06 00:48:00,asd,44.434114,26.053564,False,1
sensor-1,humidity,15.72,%,2025-06-06 00:49:00,asd,44.434114,26.053564,True,1
sensor-1,humidity,49.05,%,2025-06-06 00:50:00,asd,44.434114,26.053564,False,2
sensor-1,humidity,4.1,%,2025-06-06 00:51:00,asd,44.434114,26.053564,False,2
sensor-1,humidity,64.66,%,2025-06-06 00:52:00,asd,44.434114,26.053564,True,3
sensor-1,humidity,49.92,%,2025-06-06 00:53:00,asd,44.434114,26.053564,False,2
sensor-1,humidity,49.25,%,2025-06-06 00:54:00,asd,44.434114,26.053564,False,2
sensor-1,humidity,71.35,%,2025-06-06 00:55:00,asd,44.434114,26.053564,True,3
sensor-1,humidity,61.05,%,2025-06-06 00:56:00,asd,44.434114,26.053564,True,2
sensor-1,humidity,77.96,%,2025-06-06 00:57:00,asd,44.434114,26.053564,True,3
sensor-1,humidity,28.42,%,2025-06-06 00:58:00,asd,44.434114,26.053564,True,2
sensor-1,humidity,73.92,%,2025-06-06 00:59:00,asd,44.434114,26.053564,True,1
sensor-1,humidity,1.66,%,2025-06-06 01:00:00,asd,44.434114,26.053564,True,1
sensor-1,humidity,73.22,%,2025-06-06 01:01:00,asd,44.434114,26.053564,True,1
sensor-1,humidity,25.84,%,2025-06-06 01:02:00,asd,44.434114,26.053564,False,1
sensor-1,humidity,63.28,%,2025-06-06 01:03:00,asd,44.434114,26.053564,True,1
sensor-1,humidity,98.56,%,2025-06-06 01:04:00,asd,44.434114,26.053564,False,1
sensor-1,humidity,76.75,%,2025-06-06 01:05:00,asd,44.434114,26.053564,False,3
sensor-1,humidity,22.53,%,2025-06-06 01:06:00,asd,44.434114,26.053564,False,0
sensor-1,humidity,25.39,%,2025-06-06 01:07:00,asd,44.434114,26.053564,True,2
sensor-1,humidity,77.75,%,2025-06-06 01:08:00,asd,44.434114,26.053564,False,2
sensor-1,humidity,79.4,%,2025-06-06 01:09:00,asd,44.434114,26.053564,False,2
sensor-1,humidity,11.2,%,2025-06-06 01:10:00,asd,44.434114,26.053564,True,3
sensor-1,humidity,5.96,%,2025-06-06 01:11:00,asd,44.434114,26.053564,True,2
sensor-1,humidity,69.62,%,2025-06-06 01:12:00,asd,44.434114,26.053564,False,2
sensor-1,humidity,13.53,%,2025-06-06 01:13:00,asd,44.434114,26.053564,False,0
sensor-1,humidity,95.44,%,2025-06-06 01:14:00,asd,44.434114,26.053564,False,2
sensor-1,humidity,89.63,%,2025-06-06 01:15:00,asd,44.434114,26.053564,True,2
sensor-1,humidity,54.44,%,2025-06-06 01:16:00,asd,44.434114,26.053564,False,0
sensor-1,humidity,77.56,%,2025-06-06 01:17:00,asd,44.434114,26.053564,False,3
sensor-1,humidity,86.13,%,2025-06-06 01:18:00,asd,44.434114,26.053564,False,0
sensor-1,humidity,75.15,%,2025-06-06 01:19:00,asd,44.434114,26.053564,False,0
sensor-1,humidity,52.67,%,2025-06-06 01:20:00,asd,44.434114,26.053564,True,0
sensor-1,humidity,76.28,%,2025-06-06 01:21:00,asd,44.434114,26.053564,False,2
sensor-1,humidity,96.33,%,2025-06-06 01:22:00,asd,44.434114,26.053564,False,1
sensor-1,humidity,21.4,%,2025-06-06 01:23:00,asd,44.434114,26.053564,False,0
sensor-1,humidity,40.8,%,2025-06-06 01:24:00,asd,44.434114,26.053564,True,3
sensor-1,humidity,30.33,%,2025-06-06 01:25:00,asd,44.434114,26.053564,True,1
sensor-1,humidity,78.29,%,2025-06-06 01:26:00,asd,44.434114,26.053564,True,1
sensor-1,humidity,25.41,%,2025-06-06 01:27:00,asd,44.434114,26.053564,False,2
sensor-1,humidity,61.2,%,2025-06-06 01:28:00,asd,44.434114,26.053564,False,3
sensor-1,humidity,86.91,%,2025-06-06 01:29:00,asd,44.434114,26.053564,False,1
sensor-1,humidity,70.87,%,2025-06-06 01:30:00,asd,44.434114,26.053564,False,1
sensor-1,humidity,55.28,%,2025-06-06 01:31:00,asd,44.434114,26.053564,True,1
sensor-1,humidity,63.67,%,2025-06-06 01:32:00,asd,44.434114,26.053564,False,2
sensor-1,humidity,9.05,%,2025-06-06 01:33:00,asd,44.434114,26.053564,True,3
sensor-1,humidity,10.46,%,2025-06-06 01:34:00,asd,44.434114,26.053564,True,3
sensor-1,humidity,82.8,%,2025-06-06 01:35:00,asd,44.434114,26.053564,True,0
sensor-1,humidity,79.99,%,2025-06-06 01:36:00,asd,44.434114,26.053564,True,2
sensor-1,humidity,6.93,%,2025-06-06 01:37:00,asd,44.434114,26.053564,False,0
sensor-1,humidity,37.35,%,2025-06-06 01:38:00,asd,44.434114,26.053564,False,3
sensor-1,humidity,88.63,%,2025-06-06 01:39:00,asd,44.434114,26.053564,False,0
sensor-2,temperature,48.61,°C,2025-06-06 00:00:00,asd,44.438264,26.054788,False,1
sensor-2,temperature,94.43,°C,2025-06-06 00:01:00,asd,44.438264,26.054788,False,3
sensor-2,temperature,76.95,°C,2025-06-06 00:02:00,asd,44.438264,26.054788,False,2
sensor-2,temperature,26.52,°C,2025-06-06 00:03:00,asd,44.438264,26.054788,False,0
sensor-2,temperature,25.35,°C,2025-06-06 00:04:00,asd,44.438264,26.054788,False,1
sensor-2,temperature,13.89,°C,2025-06-06 00:05:00,asd,44.438264,26.054788,True,2
sensor-2,temperature,27.27,°C,2025-06-06 00:06:00,asd,44.438264,26.054788,True,2
sensor-2,temperature,34.5,°C,2025-06-06 00:07:00,asd,44.438264,26.054788,True,0
sensor-2,temperature,33.88,°C,2025-06-06 00:08:00,asd,44.438264,26.054788,False,2
sensor-2,temperature,77.52,°C,2025-06-06 00:09:00,asd,44.438264,26.054788,True,2
sensor-2,temperature,73.3,°C,2025-06-06 00:10:00,asd,44.438264,26.054788,True,2
sensor-2,temperature,93.56,°C,2025-06-06 00:11:00,asd,44.438264,26.054788,True,3
sensor-2,temperature,4.54,°C,2025-06-06 00:12:00,asd,44.438264,26.054788,False,2
sensor-2,temperature,56.2,°C,2025-06-06 00:13:00,asd,44.438264,26.054788,False,1
sensor-2,temperature,16.53,°C,2025-06-06 00:14:00,asd,44.438264,26.054788,True,0
sensor-2,temperature,90.01,°C,2025-06-06 00:15:00,asd,44.438264,26.054788,False,2
sensor-2,temperature,92.49,°C,2025-06-06 00:16:00,asd,44.438264,26.054788,False,3
sensor-2,temperature,7.73,°C,2025-06-06 00:17:00,asd,44.438264,26.054788,True,2
sensor-2,temperature,3.43,°C,2025-06-06 00:18:00,asd,44.438264,26.054788,True,3
sensor-2,temperature,66.25,°C,2025-06-06 00:19:00,asd,44.438264,26.054788,False,3
sensor-2,temperature,0.16,°C,2025-06-06 00:20:00,asd,44.438264,26.054788,True,1
sensor-2,temperature,38.6,°C,2025-06-06 00:21:00,asd,44.438264,26.054788,False,1
sensor-2,temperature,10.69,°C,2025-06-06 00:22:00,asd,44.438264,26.054788,False,3
sensor-2,temperature,26.74,°C,2025-06-06 00:23:00,asd,44.438264,26.054788,True,3
sensor-2,temperature,59.67,°C,2025-06-06 00:24:00,asd,44.438264,26.054788,True,3
sensor-2,temperature,71.93,°C,2025-06-06 00:25:00,asd,44.438264,26.054788,False,2
sensor-2,temperature,44.08,°C,2025-06-06 00:26:00,asd,44.438264,26.054788,True,2
sensor-2,temperature,24.8,°C,2025-06-06 00:27:00,asd,44.438264,26.054788,False,2
sensor-2,temperature,29.16,°C,2025-06-06 00:28:00,asd,44.438264,26.054788,False,3
sensor-2,temperature,30.37,°C,2025-06-06 00:29:00,asd,44.438264,26.054788,False,0
sensor-2,temperature,73.78,°C,2025-06-06 00:30:00,asd,44.438264,26.054788,False,2
sensor-2,temperature,97.69,°C,2025-06-06 00:31:00,asd,44.438264,26.054788,True,0
sensor-2,temperature,8.11,°C,2025-06-06 00:32:00,asd,44.438264,26.054788,True,2
sensor-2,temperature,85.26,°C,2025-06-06 00:33:00,asd,44.438264,26.054788,False,1
sensor-2,temperature,61.26,°C,2025-06-06 00:34:00,asd,44.438264,26.054788,True,2
sensor-2,temperature,9.52,°C,2025-06-06 00:35:00,asd,44.438264,26.054788,False,0
sensor-2,temperature,42.66,°C,2025-06-06 00:36:00,asd,44.438264,26.054788,False,1
sensor-2,temperature,22.22,°C,2025-06-06 00:37:00,asd,44.438264,26.054788,True,0
sensor-2,temperature,80.56,°C,2025-06-06 00:38:00,asd,44.438264,26.054788,False,1
sensor-2,temperature,44.27,°C,2025-06-06 00:39:00,asd,44.438264,26.054788,False,3
sensor-2,temperature,71.57,°C,2025-06-06 00:40:00,asd,44.438264,26.054788,True,3
sensor-2,temperature,38.73,°C,2025-06-06 00:41:00,asd,44.438264,26.054788,True,0
sensor-2,temperature,22.89,°C,2025-06-06 00:42:00,asd,44.438264,26.054788,False,0
sensor-2,temperature,57.21,°C,2025-06-06 00:43:00,asd,44.438264,26.054788,False,0
sensor-2,temperature,61.85,°C,2025-06-06 00:44:00,asd,44.438264,26.054788,False,2
sensor-2,temperature,15.18,°C,2025-06-06 00:45:00,asd,44.438264,26.054788,True,2
sensor-2,temperature,91.14,°C,2025-06-06 00:46:00,asd,44.438264,26.054788,True,3
sensor-2,temperature,24.71,°C,2025-06-06 00:47:00,asd,44.438264,26.054788,False,1
sensor-2,temperature,87.5,°C,2025-06-06 00:48:00,asd,44.438264,26.054788,False,1
sensor-2,temperature,21.74,°C,2025-06-06 00:49:00,asd,44.438264,26.054788,True,3
sensor-2,temperature,95.99,°C,2025-06-06 00:50:00,asd,44.438264,26.054788,False,3
sensor-2,temperature,65.54,°C,2025-06-06 00:51:00,asd,44.438264,26.054788,False,3
sensor-2,temperature,26.86,°C,2025-06-06 00:52:00,asd,44.438264,26.054788,False,1
sensor-2,temperature,7.39,°C,2025-06-06 00:53:00,asd,44.438264,26.054788,True,0
sensor-2,temperature,5.37,°C,2025-06-06 00:54:00,asd,44.438264,26.054788,False,3
sensor-2,temperature,31.66,°C,2025-06-06 00:55:00,asd,44.438264,26.054788,True,0
sensor-2,temperature,97.71,°C,2025-06-06 00:56:00,asd,44.438264,26.054788,False,3
sensor-2,temperature,75.91,°C,2025-06-06 00:57:00,asd,44.438264,26.054788,True,3
sensor-2,temperature,52.13,°C,2025-06-06 00:58:00,asd,44.438264,26.054788,False,3
sensor-2,temperature,27.92,°C,2025-06-06 00:59:00,asd,44.438264,26.054788,True,1
sensor-2,temperature,57.28,°C,2025-06-06 01:00:00,asd,44.438264,26.054788,False,0
sensor-2,temperature,47.11,°C,2025-06-06 01:01:00,asd,44.438264,26.054788,False,1
sensor-2,temperature,60.7,°C,2025-06-06 01:02:00,asd,44.438264,26.054788,False,3
sensor-2,temperature,7.98,°C,2025-06-06 01:03:00,asd,44.438264,26.054788,False,1
sensor-2,temperature,23.64,°C,2025-06-06 01:04:00,asd,44.438264,26.054788,True,0
sensor-2,temperature,26.33,°C,2025-06-06 01:05:00,asd,44.438264,26.054788,True,2
sensor-2,temperature,24.97,°C,2025-06-06 01:06:00,asd,44.438264,26.054788,True,1
sensor-2,temperature,89.63,°C,2025-06-06 01:07:00,asd,44.438264,26.054788,True,0
sensor-2,temperature,15.52,°C,2025-06-06 01:08:00,asd,44.438264,26.054788,False,1
sensor-2,temperature,64.24,°C,2025-06-06 01:09:00,asd,44.438264,26.054788,True,1
sensor-2,temperature,85.32,°C,2025-06-06 01:10:00,asd,44.438264,26.054788,True,1
sensor-2,temperature,69.04,°C,2025-06-06 01:11:00,asd,44.438264,26.054788,False,1
sensor-2,temperature,60.44,°C,2025-06-06 01:12:00,asd,44.438264,26.054788,True,2
sensor-2,temperature,39.06,°C,2025-06-06 01:13:00,asd,44.438264,26.054788,False,1
sensor-2,temperature,14.71,°C,2025-06-06 01:14:00,asd,44.438264,26.054788,True,2
sensor-2,temperature,95.09,°C,2025-06-06 01:15:00,asd,44.438264,26.054788,False,2
sensor-2,temperature,58.76,°C,2025-06-06 01:16:00,asd,44.438264,26.054788,False,1
sensor-2,temperature,0.82,°C,2025-06-06 01:17:00,asd,44.438264,26.054788,False,2
sensor-2,temperature,50.16,°C,2025-06-06 01:18:00,asd,44.438264,26.054788,False,3
sensor-2,temperature,92.0,°C,2025-06-06 01:19:00,asd,44.438264,26.054788,False,3
sensor-2,temperature,49.13,°C,2025-06-06 01:20:00,asd,44.438264,26.054788,True,1
sensor-2,temperature,21.02,°C,2025-06-06 01:21:00,asd,44.438264,26.054788,False,0
sensor-2,temperature,52.05,°C,2025-06-06 01:22:00,asd,44.438264,26.054788,False,0
sensor-2,temperature,33.6,°C,2025-06-06 01:23:00,asd,44.438264,26.054788,False,3
sensor-2,temperature,90.93,°C,2025-06-06 01:24:00,asd,44.438264,26.054788,True,0
sensor-2,temperature,67.8,°C,2025-06-06 01:25:00,asd,44.438264,26.054788,False,2
sensor-2,temperature,41.98,°C,2025-06-06 01:26:00,asd,44.438264,26.054788,True,2
sensor-2,temperature,20.34,°C,2025-06-06 01:27:00,asd,44.438264,26.054788,True,0
sensor-2,temperature,42.98,°C,2025-06-06 01:28:00,asd,44.438264,26.054788,True,0
sensor-2,temperature,59.86,°C,2025-06-06 01:29:00,asd,44.438264,26.054788,True,0
sensor-2,temperature,99.76,°C,2025-06-06 01:30:00,asd,44.438264,26.054788,True,2
sensor-2,temperature,91.76,°C,2025-06-06 01:31:00,asd,44.438264,26.054788,False,1
sensor-2,temperature,1.34,°C,2025-06-06 01:32:00,asd,44.438264,26.054788,True,1
sensor-2,temperature,40.65,°C,2025-06-06 01:33:00,asd,44.438264,26.054788,False,1
sensor-2,temperature,6.89,°C,2025-06-06 01:34:00,asd,44.438264,26.054788,False,1
sensor-2,temperature,56.93,°C,2025-06-06 01:35:00,asd,44.438264,26.054788,True,0
sensor-2,temperature,24.35,°C,2025-06-06 01:36:00,asd,44.438264,26.054788,False,0
sensor-2,temperature,0.53,°C,2025-06-06 01:37:00,asd,44.438264,26.054788,False,2
sensor-2,temperature,19.9,°C,2025-06-06 01:38:00,asd,44.438264,26.054788,True,2
sensor-2,temperature,90.98,°C,2025-06-06 01:39:00,asd,44.438264,26.054788,False,1
sensor-3,light,51.18,lux,2025-06-06 00:00:00,asd,44.435101,26.053798,True,0
sensor-3,light,93.12,lux,2025-06-06 00:01:00,asd,44.435101,26.053798,True,3
sensor-3,light,10.65,lux,2025-06-06 00:02:00,asd,44.435101,26.053798,True,2
sensor-3,light,56.93,lux,2025-06-06 00:03:00,asd,44.435101,26.053798,True,3
sensor-3,light,42.67,lux,2025-06-06 00:04:00,asd,44.435101,26.053798,True,3
sensor-3,light,14.46,lux,2025-06-06 00:05:00,asd,44.435101,26.053798,False,0
sensor-3,light,63.34,lux,2025-06-06 00:06:00,asd,44.435101,26.053798,True,2
sensor-3,light,8.63,lux,2025-06-06 00:07:00,asd,44.435101,26.053798,False,3
sensor-3,light,67.29,lux,2025-06-06 00:08:00,asd,44.435101,26.053798,True,1
sensor-3,light,34.74,lux,2025-06-06 00:09:00,asd,44.435101,26.053798,False,2
sensor-3,light,27.75,lux,2025-06-06 00:10:00,asd,44.435101,26.053798,True,1
sensor-3,light,70.32,lux,2025-06-06 00:11:00,asd,44.435101,26.053798,True,1
sensor-3,light,30.1,lux,2025-06-06 00:12:00,asd,44.435101,26.053798,True,1
sensor-3,light,58.51,lux,2025-06-06 00:13:00,asd,44.435101,26.053798,False,3
sensor-3,light,44.99,lux,2025-06-06 00:14:00,asd,44.435101,26.053798,True,3
sensor-3,light,94.36,lux,2025-06-06 00:15:00,asd,44.435101,26.053798,False,2
sensor-3,light,43.91,lux,2025-06-06 00:16:00,asd,44.435101,26.053798,True,2
sensor-3,light,67.6,lux,2025-06-06 00:17:00,asd,44.435101,26.053798,True,1
sensor-3,light,57.65,lux,2025-06-06 00:18:00,asd,44.435101,26.053798,False,0
sensor-3,light,93.31,lux,2025-06-06 00:19:00,asd,44.435101,26.053798,True,3
sensor-3,light,60.34,lux,2025-06-06 00:20:00,asd,44.435101,26.053798,True,3
sensor-3,light,58.73,lux,2025-06-06 00:21:00,asd,44.435101,26.053798,True,1
sensor-3,light,51.75,lux,2025-06-06 00:22:00,asd,44.435101,26.053798,False,2
sensor-3,light,62.59,lux,2025-06-06 00:23:00,asd,44.435101,26.053798,False,0
sensor-3,light,11.4,lux,2025-06-06 00:24:00,asd,44.435101,26.053798,False,2
sensor-3,light,66.21,lux,2025-06-06 00:25:00,asd,44.435101,26.053798,True,1
sensor-3,light,71.13,lux,2025-06-06 00:26:00,asd,44.435101,26.053798,False,3
sensor-3,light,62.5,lux,2025-06-06 00:27:00,asd,44.435101,26.053798,True,2
sensor-3,light,99.86,lux,2025-06-06 00:28:00,asd,44.435101,26.053798,True,3
sensor-3,light,61.04,lux,2025-06-06 00:29:00,asd,44.435101,26.053798,True,0
sensor-3,light,65.61,lux,2025-06-06 00:30:00,asd,44.435101,26.053798,False,0
sensor-3,light,32.1,lux,2025-06-06 00:31:00,asd,44.435101,26.053798,False,3
sensor-3,light,65.03,lux,2025-06-06 00:32:00,asd,44.435101,26.053798,True,1
sensor-3,light,0.23,lux,2025-06-06 00:33:00,asd,44.435101,26.053798,True,0
sensor-3,light,90.67,lux,2025-06-06 00:34:00,asd,44.435101,26.053798,False,1
sensor-3,light,39.74,lux,2025-06-06 00:35:00,asd,44.435101,26.053798,True,1
sensor-3,light,0.29,lux,2025-06-06 00:36:00,asd,44.435101,26.053798,False,3
sensor-3,light,34.88,lux,2025-06-06 00:37:00,asd,44.435101,26.053798,True,2
sensor-3,light,7.37,lux,2025-06-06 00:38:00,asd,44.435101,26.053798,False,2
sensor-3,light,51.56,lux,2025-06-06 00:39:00,asd,44.435101,26.053798,False,1
sensor-3,light,82.21,lux,2025-06-06 00:40:00,asd,44.435101,26.053798,True,3
sensor-3,light,52.66,lux,2025-06-06 00:41:00,asd,44.435101,26.053798,False,1
sensor-3,light,5.78,lux,2025-06-06 00:42:00,asd,44.435101,26.053798,True,3
sensor-3,light,26.5,lux,2025-06-06 00:43:00,asd,44.435101,26.053798,True,1
sensor-3,light,34.03,lux,2025-06-06 00:44:00,asd,44.435101,26.053798,False,3
sensor-3,light,52.81,lux,2025-06-06 00:45:00,asd,44.435101,26.053798,False,3
sensor-3,light,17.5,lux,2025-06-06 00:46:00,asd,44.435101,26.053798,False,0
sensor-3,light,68.07,lux,2025-06-06 00:47:00,asd,44.435101,26.053798,True,3
sensor-3,light,26.93,lux,2025-06-06 00:48:00,asd,44.435101,26.053798,True,0
sensor-3,light,56.72,lux,2025-06-06 00:49:00,asd,44.435101,26.053798,False,1
sensor-3,light,19.01,lux,2025-06-06 00:50:00,asd,44.435101,26.053798,True,1
sensor-3,light,30.37,lux,2025-06-06 00:51:00,asd,44.435101,26.053798,False,3
sensor-3,light,7.95,lux,2025-06-06 00:52:00,asd,44.435101,26.053798,True,3
sensor-3,light,43.99,lux,2025-06-06 00:53:00,asd,44.435101,26.053798,True,2
sensor-3,light,35.64,lux,2025-06-06 00:54:00,asd,44.435101,26.053798,True,0
sensor-3,light,46.29,lux,2025-06-06 00:55:00,asd,44.435101,26.053798,True,0
sensor-3,light,23.15,lux,2025-06-06 00:56:00,asd,44.435101,26.053798,False,2
sensor-3,light,45.11,lux,2025-06-06 00:57:00,asd,44.435101,26.053798,False,2
sensor-3,light,45.23,lux,2025-06-06 00:58:00,asd,44.435101,26.053798,True,0
sensor-3,light,23.46,lux,2025-06-06 00:59:00,asd,44.435101,26.053798,False,0
sensor-3,light,37.02,lux,2025-06-06 01:00:00,asd,44.435101,26.053798,True,3
sensor-3,light,3.37,lux,2025-06-06 01:01:00,asd,44.435101,26.053798,False,0
sensor-3,light,17.25,lux,2025-06-06 01:02:00,asd,44.435101,26.053798,True,0
sensor-3,light,45.25,lux,2025-06-06 01:03:00,asd,44.435101,26.053798,True,2
sensor-3,light,97.88,lux,2025-06-06 01:04:00,asd,44.435101,26.053798,False,3
sensor-3,light,28.43,lux,2025-06-06 01:05:00,asd,44.435101,26.053798,True,2
sensor-3,light,93.21,lux,2025-06-06 01:06:00,asd,44.435101,26.053798,True,0
sensor-3,light,92.24,lux,2025-06-06 01:07:00,asd,44.435101,26.053798,True,3
sensor-3,light,58.48,lux,2025-06-06 01:08:00,asd,44.435101,26.053798,True,1
sensor-3,light,69.24,lux,2025-06-06 01:09:00,asd,44.435101,26.053798,False,1
sensor-3,light,15.9,lux,2025-06-06 01:10:00,asd,44.435101,26.053798,True,1
sensor-3,light,96.74,lux,2025-06-06 01:11:00,asd,44.435101,26.053798,False,0
sensor-3,light,48.21,lux,2025-06-06 01:12:00,asd,44.435101,26.053798,False,3
sensor-3,light,33.72,lux,2025-06-06 01:13:00,asd,44.435101,26.053798,False,3
sensor-3,light,14.03,lux,2025-06-06 01:14:00,asd,44.435101,26.053798,False,0
sensor-3,light,27.3,lux,2025-06-06 01:15:00,asd,44.435101,26.053798,False,2
sensor-3,light,21.49,lux,2025-06-06 01:16:00,asd,44.435101,26.053798,True,3
sensor-3,light,49.35,lux,2025-06-06 01:17:00,asd,44.435101,26.053798,True,0
sensor-3,light,43.14,lux,2025-06-06 01:18:00,asd,44.435101,26.053798,False,1
sensor-3,light,50.2,lux,2025-06-06 01:19:00,asd,44.435101,26.053798,False,1
sensor-3,light,51.08,lux,2025-06-06 01:20:00,asd,44.435101,26.053798,False,0
sensor-3,light,12.66,lux,2025-06-06 01:21:00,asd,44.435101,26.053798,False,1
sensor-3,light,14.61,lux,2025-06-06 01:22:00,asd,44.435101,26.053798,True,2
sensor-3,light,30.31,lux,2025-06-06 01:23:00,asd,44.435101,26.053798,False,0
sensor-3,light,67.56,lux,2025-06-06 01:24:00,asd,44.435101,26.053798,False,2
sensor-3,light,70.33,lux,2025-06-06 01:25:00,asd,44.435101,26.053798,False,1
sensor-3,light,0.81,lux,2025-06-06 01:26:00,asd,44.435101,26.053798,True,2
sensor-3,light,83.25,lux,2025-06-06 01:27:00,asd,44.435101,26.053798,True,1
sensor-3,light,88.4,lux,2025-06-06 01:28:00,asd,44.435101,26.053798,False,2
sensor-3,light,24.78,lux,2025-06-06 01:29:00,asd,44.435101,26.053798,False,1
sensor-3,light,93.44,lux,2025-06-06 01:30:00,asd,44.435101,26.053798,True,3
sensor-3,light,64.27,lux,2025-06-06 01:31:00,asd,44.435101,26.053798,True,1
sensor-3,light,70.43,lux,2025-06-06 01:32:00,asd,44.435101,26.053798,False,0
sensor-3,light,8.83,lux,2025-06-06 01:33:00,asd,44.435101,26.053798,False,3
sensor-3,light,37.78,lux,2025-06-06 01:34:00,asd,44.435101,26.053798,True,1
sensor-3,light,94.68,lux,2025-06-06 01:35:00,asd,44.435101,26.053798,False,3
sensor-3,light,14.85,lux,2025-06-06 01:36:00,asd,44.435101,26.053798,False,0
sensor-3,light,45.78,lux,2025-06-06 01:37:00,asd,44.435101,26.053798,True,0
sensor-3,light,36.61,lux,2025-06-06 01:38:00,asd,44.435101,26.053798,True,1
sensor-3,light,52.6,lux,2025-06-06 01:39:00,asd,44.435101,26.053798,False,3
sensor-4,humidity,61.99,%,2025-06-06 00:00:00,asd,44.437189,26.050551,False,3
sensor-4,humidity,62.04,%,2025-06-06 00:01:00,asd,44.437189,26.050551,True,2
sensor-4,humidity,58.77,%,2025-06-06 00:02:00,asd,44.437189,26.050551,True,2
sensor-4,humidity,28.39,%,2025-06-06 00:03:00,asd,44.437189,26.050551,True,1
sensor-4,humidity,84.25,%,2025-06-06 00:04:00,asd,44.437189,26.050551,True,2
sensor-4,humidity,50.83,%,2025-06-06 00:05:00,asd,44.437189,26.050551,True,0
sensor-4,humidity,29.82,%,2025-06-06 00:06:00,asd,44.437189,26.050551,True,0
sensor-4,humidity,91.43,%,2025-06-06 00:07:00,asd,44.437189,26.050551,True,3
sensor-4,humidity,60.38,%,2025-06-06 00:08:00,asd,44.437189,26.050551,True,2
sensor-4,humidity,69.45,%,2025-06-06 00:09:00,asd,44.437189,26.050551,False,0
sensor-4,humidity,84.34,%,2025-06-06 00:10:00,asd,44.437189,26.050551,False,1
sensor-4,humidity,90.04,%,2025-06-06 00:11:00,asd,44.437189,26.050551,False,1
sensor-4,humidity,64.78,%,2025-06-06 00:12:00,asd,44.437189,26.050551,False,2
sensor-4,humidity,18.88,%,2025-06-06 00:13:00,asd,44.437189,26.050551,False,3
sensor-4,humidity,14.1,%,2025-06-06 00:14:00,asd,44.437189,26.050551,True,3
sensor-4,humidity,23.6,%,2025-06-06 00:15:00,asd,44.437189,26.050551,True,1
sensor-4,humidity,65.56,%,2025-06-06 00:16:00,asd,44.437189,26.050551,True,2
sensor-4,humidity,97.9,%,2025-06-06 00:17:00,asd,44.437189,26.050551,False,2
sensor-4,humidity,1.03,%,2025-06-06 00:18:00,asd,44.437189,26.050551,True,2
sensor-4,humidity,34.12,%,2025-06-06 00:19:00,asd,44.437189,26.050551,False,1
sensor-4,humidity,74.05,%,2025-06-06 00:20:00,asd,44.437189,26.050551,True,3
sensor-4,humidity,46.98,%,2025-06-06 00:21:00,asd,44.437189,26.050551,False,3
sensor-4,humidity,64.93,%,2025-06-06 00:22:00,asd,44.437189,26.050551,True,2
sensor-4,humidity,96.55,%,2025-06-06 00:23:00,asd,44.437189,26.050551,True,2
sensor-4,humidity,37.13,%,2025-06-06 00:24:00,asd,44.437189,26.050551,True,2
sensor-4,humidity,72.73,%,2025-06-06 00:25:00,asd,44.437189,26.050551,False,1
sensor-4,humidity,83.86,%,2025-06-06 00:26:00,asd,44.437189,26.050551,True,2
sensor-4,humidity,43.74,%,2025-06-06 00:27:00,asd,44.437189,26.050551,False,1
sensor-4,humidity,25.04,%,2025-06-06 00:28:00,asd,44.437189,26.050551,False,2
sensor-4,humidity,1.58,%,2025-06-06 00:29:00,asd,44.437189,26.050551,False,0
sensor-4,humidity,32.97,%,2025-06-06 00:30:00,asd,44.437189,26.050551,False,1
sensor-4,humidity,48.51,%,2025-06-06 00:31:00,asd,44.437189,26.050551,False,3
sensor-4,humidity,71.41,%,2025-06-06 00:32:00,asd,44.437189,26.050551,True,1
sensor-4,humidity,22.09,%,2025-06-06 00:33:00,asd,44.437189,26.050551,True,2
sensor-4,humidity,19.21,%,2025-06-06 00:34:00,asd,44.437189,26.050551,True,3
sensor-4,humidity,29.25,%,2025-06-06 00:35:00,asd,44.437189,26.050551,True,2
sensor-4,humidity,53.94,%,2025-06-06 00:36:00,asd,44.437189,26.050551,False,2
sensor-4,humidity,62.6,%,2025-06-06 00:37:00,asd,44.437189,26.050551,True,3
sensor-4,humidity,90.53,%,2025-06-06 00:38:00,asd,44.437189,26.050551,False,0
sensor-4,humidity,66.9,%,2025-06-06 00:39:00,asd,44.437189,26.050551,False,0
sensor-4,humidity,71.9,%,2025-06-06 00:40:00,asd,44.437189,26.050551,False,0
sensor-4,humidity,7.64,%,2025-06-06 00:41:00,asd,44.437189,26.050551,True,0
sensor-4,humidity,23.47,%,2025-06-06 00:42:00,asd,44.437189,26.050551,True,1
sensor-4,humidity,86.17,%,2025-06-06 00:43:00,asd,44.437189,26.050551,True,3
sensor-4,humidity,41.15,%,2025-06-06 00:44:00,asd,44.437189,26.050551,False,1
sensor-4,humidity,37.82,%,2025-06-06 00:45:00,asd,44.437189,26.050551,False,3
sensor-4,humidity,14.59,%,2025-06-06 00:46:00,asd,44.437189,26.050551,False,3
sensor-4,humidity,80.31,%,2025-06-06 00:47:00,asd,44.437189,26.050551,True,2
sensor-4,humidity,30.04,%,2025-06-06 00:48:00,asd,44.437189,26.050551,False,2
sensor-4,humidity,53.44,%,2025-06-06 00:49:00,asd,44.437189,26.050551,True,0
sensor-4,humidity,6.7,%,2025-06-06 00:50:00,asd,44.437189,26.050551,True,0
sensor-4,humidity,72.64,%,2025-06-06 00:51:00,asd,44.437189,26.050551,True,2
sensor-4,humidity,89.64,%,2025-06-06 00:52:00,asd,44.437189,26.050551,False,3
sensor-4,humidity,98.32,%,2025-06-06 00:53:00,asd,44.437189,26.050551,True,2
sensor-4,humidity,55.67,%,2025-06-06 00:54:00,asd,44.437189,26.050551,True,2
sensor-4,humidity,62.46,%,2025-06-06 00:55:00,asd,44.437189,26.050551,True,3
sensor-4,humidity,64.49,%,2025-06-06 00:56:00,asd,44.437189,26.050551,False,2
sensor-4,humidity,76.99,%,2025-06-06 00:57:00,asd,44.437189,26.050551,True,3
sensor-4,humidity,37.14,%,2025-06-06 00:58:00,asd,44.437189,26.050551,False,3
sensor-4,humidity,42.69,%,2025-06-06 00:59:00,asd,44.437189,26.050551,False,0
sensor-4,humidity,0.06,%,2025-06-06 01:00:00,asd,44.437189,26.050551,True,0
sensor-4,humidity,70.42,%,2025-06-06 01:01:00,asd,44.437189,26.050551,False,0
sensor-4,humidity,57.22,%,2025-06-06 01:02:00,asd,44.437189,26.050551,True,3
sensor-4,humidity,12.09,%,2025-06-06 01:03:00,asd,44.437189,26.050551,False,1
sensor-4,humidity,69.43,%,2025-06-06 01:04:00,asd,44.437189,26.050551,True,2
sensor-4,humidity,30.79,%,2025-06-06 01:05:00,asd,44.437189,26.050551,True,0
sensor-4,humidity,93.54,%,2025-06-06 01:06:00,asd,44.437189,26.050551,True,1
sensor-4,humidity,88.6,%,2025-06-06 01:07:00,asd,44.437189,26.050551,True,0
sensor-4,humidity,80.49,%,2025-06-06 01:08:00,asd,44.437189,26.050551,False,0
sensor-4,humidity,89.53,%,2025-06-06 01:09:00,asd,44.437189,26.050551,True,3
sensor-4,humidity,19.01,%,2025-06-06 01:10:00,asd,44.437189,26.050551,False,3
sensor-4,humidity,30.86,%,2025-06-06 01:11:00,asd,44.437189,26.050551,False,3
sensor-4,humidity,28.63,%,2025-06-06 01:12:00,asd,44.437189,26.050551,False,0
sensor-4,humidity,42.81,%,2025-06-06 01:13:00,asd,44.437189,26.050551,True,0
sensor-4,humidity,78.37,%,2025-06-06 01:14:00,asd,44.437189,26.050551,True,1
sensor-4,humidity,77.87,%,2025-06-06 01:15:00,asd,44.437189,26.050551,False,2
sensor-4,humidity,58.39,%,2025-06-06 01:16:00,asd,44.437189,26.050551,False,3
sensor-4,humidity,6.51,%,2025-06-06 01:17:00,asd,44.437189,26.050551,True,1
sensor-4,humidity,15.54,%,2025-06-06 01:18:00,asd,44.437189,26.050551,True,2
sensor-4,humidity,85.23,%,2025-06-06 01:19:00,asd,44.437189,26.050551,False,0
sensor-4,humidity,15.94,%,2025-06-06 01:20:00,asd,44.437189,26.050551,True,0
sensor-4,humidity,12.19,%,2025-06-06 01:21:00,asd,44.437189,26.050551,True,1
sensor-4,humidity,16.22,%,2025-06-06 01:22:00,asd,44.437189,26.050551,True,1
sensor-4,humidity,40.48,%,2025-06-06 01:23:00,asd,44.437189,26.050551,False,2
sensor-4,humidity,58.7,%,2025-06-06 01:24:00,asd,44.437189,26.050551,False,2
sensor-4,humidity,1.63,%,2025-06-06 01:25:00,asd,44.437189,26.050551,True,1
sensor-4,humidity,98.51,%,2025-06-06 01:26:00,asd,44.437189,26.050551,True,1
sensor-4,humidity,97.22,%,2025-06-06 01:27:00,asd,44.437189,26.050551,False,2
sensor-4,humidity,99.51,%,2025-06-06 01:28:00,asd,44.437189,26.050551,True,3
sensor-4,humidity,88.07,%,2025-06-06 01:29:00,asd,44.437189,26.050551,True,2
sensor-4,humidity,44.33,%,2025-06-06 01:30:00,asd,44.437189,26.050551,True,2
sensor-4,humidity,53.76,%,2025-06-06 01:31:00,asd,44.437189,26.050551,False,1
sensor-4,humidity,13.65,%,2025-06-06 01:32:00,asd,44.437189,26.050551,True,2
sensor-4,humidity,83.09,%,2025-06-06 01:33:00,asd,44.437189,26.050551,True,3
sensor-4,humidity,72.77,%,2025-06-06 01:34:00,asd,44.437189,26.050551,False,1
sensor-4,humidity,24.51,%,2025-06-06 01:35:00,asd,44.437189,26.050551,False,2
sensor-4,humidity,60.76,%,2025-06-06 01:36:00,asd,44.437189,26.050551,False,0
sensor-4,humidity,92.22,%,2025-06-06 01:37:00,asd,44.437189,26.050551,False,2
sensor-4,humidity,67.29,%,2025-06-06 01:38:00,asd,44.437189,26.050551,True,0
sensor-4,humidity,95.2,%,2025-06-06 01:39:00,asd,44.437189,26.050551,False,0
sensor-5,humidity,40.72,%,2025-06-06 00:00:00,asd,44.436759,26.050058,False,3
sensor-5,humidity,88.9,%,2025-06-06 00:01:00,asd,44.436759,26.050058,True,0
sensor-5,humidity,21.57,%,2025-06-06 00:02:00,asd,44.436759,26.050058,False,3
sensor-5,humidity,33.73,%,2025-06-06 00:03:00,asd,44.436759,26.050058,False,2
sensor-5,humidity,22.77,%,2025-06-06 00:04:00,asd,44.436759,26.050058,True,1
sensor-5,humidity,36.93,%,2025-06-06 00:05:00,asd,44.436759,26.050058,False,1
sensor-5,humidity,76.16,%,2025-06-06 00:06:00,asd,44.436759,26.050058,True,3
sensor-5,humidity,75.55,%,2025-06-06 00:07:00,asd,44.436759,26.050058,False,2
sensor-5,humidity,59.44,%,2025-06-06 00:08:00,asd,44.436759,26.050058,False,0
sensor-5,humidity,25.18,%,2025-06-06 00:09:00,asd,44.436759,26.050058,True,0
sensor-5,humidity,86.45,%,2025-06-06 00:10:00,asd,44.436759,26.050058,False,2
sensor-5,humidity,97.32,%,2025-06-06 00:11:00,asd,44.436759,26.050058,False,1
sensor-5,humidity,93.29,%,2025-06-06 00:12:00,asd,44.436759,26.050058,True,0
sensor-5,humidity,75.23,%,2025-06-06 00:13:00,asd,44.436759,26.050058,True,3
sensor-5,humidity,67.76,%,2025-06-06 00:14:00,asd,44.436759,26.050058,True,2
sensor-5,humidity,45.54,%,2025-06-06 00:15:00,asd,44.436759,26.050058,False,2
sensor-5,humidity,35.48,%,2025-06-06 00:16:00,asd,44.436759,26.050058,True,3
sensor-5,humidity,53.89,%,2025-06-06 00:17:00,asd,44.436759,26.050058,True,3
sensor-5,humidity,52.39,%,2025-06-06 00:18:00,asd,44.436759,26.050058,True,3
sensor-5,humidity,65.33,%,2025-06-06 00:19:00,asd,44.436759,26.050058,True,1
sensor-5,humidity,84.25,%,2025-06-06 00:20:00,asd,44.436759,26.050058,True,2
sensor-5,humidity,55.68,%,2025-06-06 00:21:00,asd,44.436759,26.050058,False,0
sensor-5,humidity,1.03,%,2025-06-06 00:22:00,asd,44.436759,26.050058,False,0
sensor-5,humidity,93.58,%,2025-06-06 00:23:00,asd,44.436759,26.050058,False,3
sensor-5,humidity,26.46,%,2025-06-06 00:24:00,asd,44.436759,26.050058,True,3
sensor-5,humidity,16.95,%,2025-06-06 00:25:00,asd,44.436759,26.050058,True,3
sensor-5,humidity,44.08,%,2025-06-06 00:26:00,asd,44.436759,26.050058,True,0
sensor-5,humidity,55.38,%,2025-06-06 00:27:00,asd,44.436759,26.050058,True,0
sensor-5,humidity,8.77,%,2025-06-06 00:28:00,asd,44.436759,26.050058,True,1
sensor-5,humidity,22.71,%,2025-06-06 00:29:00,asd,44.436759,26.050058,True,0
sensor-5,humidity,62.17,%,2025-06-06 00:30:00,asd,44.436759,26.050058,False,2
sensor-5,humidity,80.49,%,2025-06-06 00:31:00,asd,44.436759,26.050058,False,3
sensor-5,humidity,63.68,%,2025-06-06 00:32:00,asd,44.436759,26.050058,True,1
sensor-5,humidity,41.7,%,2025-06-06 00:33:00,asd,44.436759,26.050058,True,1
sensor-5,humidity,0.02,%,2025-06-06 00:34:00,asd,44.436759,26.050058,True,0
sensor-5,humidity,72.82,%,2025-06-06 00:35:00,asd,44.436759,26.050058,False,2
sensor-5,humidity,65.19,%,2025-06-06 00:36:00,asd,44.436759,26.050058,False,2
sensor-5,humidity,34.13,%,2025-06-06 00:37:00,asd,44.436759,26.050058,True,1
sensor-5,humidity,76.99,%,2025-06-06 00:38:00,asd,44.436759,26.050058,False,0
sensor-5,humidity,60.45,%,2025-06-06 00:39:00,asd,44.436759,26.050058,False,2
sensor-5,humidity,93.09,%,2025-06-06 00:40:00,asd,44.436759,26.050058,False,0
sensor-5,humidity,20.8,%,2025-06-06 00:41:00,asd,44.436759,26.050058,False,2
sensor-5,humidity,60.82,%,2025-06-06 00:42:00,asd,44.436759,26.050058,False,3
sensor-5,humidity,90.13,%,2025-06-06 00:43:00,asd,44.436759,26.050058,True,3
sensor-5,humidity,74.08,%,2025-06-06 00:44:00,asd,44.436759,26.050058,True,0
sensor-5,humidity,56.01,%,2025-06-06 00:45:00,asd,44.436759,26.050058,False,3
sensor-5,humidity,49.91,%,2025-06-06 00:46:00,asd,44.436759,26.050058,True,3
sensor-5,humidity,1.99,%,2025-06-06 00:47:00,asd,44.436759,26.050058,True,2
sensor-5,humidity,68.6,%,2025-06-06 00:48:00,asd,44.436759,26.050058,True,3
sensor-5,humidity,67.9,%,2025-06-06 00:49:00,asd,44.436759,26.050058,True,1
sensor-5,humidity,59.58,%,2025-06-06 00:50:00,asd,44.436759,26.050058,False,2
sensor-5,humidity,99.72,%,2025-06-06 00:51:00,asd,44.436759,26.050058,False,2
sensor-5,humidity,30.08,%,2025-06-06 00:52:00,asd,44.436759,26.050058,False,1
sensor-5,humidity,43.64,%,2025-06-06 00:53:00,asd,44.436759,26.050058,False,1
sensor-5,humidity,9.11,%,2025-06-06 00:54:00,asd,44.436759,26.050058,True,1
sensor-5,humidity,57.48,%,2025-06-06 00:55:00,asd,44.436759,26.050058,True,1
sensor-5,humidity,19.64,%,2025-06-06 00:56:00,asd,44.436759,26.050058,True,2
sensor-5,humidity,43.21,%,2025-06-06 00:57:00,asd,44.436759,26.050058,False,1
sensor-5,humidity,89.32,%,2025-06-06 00:58:00,asd,44.436759,26.050058,False,0
sensor-5,humidity,47.15,%,2025-06-06 00:59:00,asd,44.436759,26.050058,False,0
sensor-5,humidity,78.04,%,2025-06-06 01:00:00,asd,44.436759,26.050058,True,0
sensor-5,humidity,30.52,%,2025-06-06 01:01:00,asd,44.436759,26.050058,False,3
sensor-5,humidity,2.77,%,2025-06-06 01:02:00,asd,44.436759,26.050058,False,3
sensor-5,humidity,77.22,%,2025-06-06 01:03:00,asd,44.436759,26.050058,True,2
sensor-5,humidity,56.58,%,2025-06-06 01:04:00,asd,44.436759,26.050058,False,0
sensor-5,humidity,36.74,%,2025-06-06 01:05:00,asd,44.436759,26.050058,False,3
sensor-5,humidity,64.86,%,2025-06-06 01:06:00,asd,44.436759,26.050058,False,3
sensor-5,humidity,77.76,%,2025-06-06 01:07:00,asd,44.436759,26.050058,True,0
sensor-5,humidity,29.61,%,2025-06-06 01:08:00,asd,44.436759,26.050058,False,2
sensor-5,humidity,62.21,%,2025-06-06 01:09:00,asd,44.436759,26.050058,False,2
sensor-5,humidity,29.3,%,2025-06-06 01:10:00,asd,44.436759,26.050058,False,3
sensor-5,humidity,7.05,%,2025-06-06 01:11:00,asd,44.436759,26.050058,True,0
sensor-5,humidity,71.4,%,2025-06-06 01:12:00,asd,44.436759,26.050058,True,0
sensor-5,humidity,88.2,%,2025-06-06 01:13:00,asd,44.436759,26.050058,False,0
sensor-5,humidity,28.59,%,2025-06-06 01:14:00,asd,44.436759,26.050058,False,1
sensor-5,humidity,60.59,%,2025-06-06 01:15:00,asd,44.436759,26.050058,False,0
sensor-5,humidity,86.52,%,2025-06-06 01:16:00,asd,44.436759,26.050058,False,2
sensor-5,humidity,37.97,%,2025-06-06 01:17:00,asd,44.436759,26.050058,True,3
sensor-5,humidity,45.19,%,2025-06-06 01:18:00,asd,44.436759,26.050058,True,1
sensor-5,humidity,15.8,%,2025-06-06 01:19:00,asd,44.436759,26.050058,True,1
sensor-5,humidity,59.2,%,2025-06-06 01:20:00,asd,44.436759,26.050058,False,2
sensor-5,humidity,74.23,%,2025-06-06 01:21:00,asd,44.436759,26.050058,False,0
sensor-5,humidity,79.51,%,2025-06-06 01:22:00,asd,44.436759,26.050058,True,0
sensor-5,humidity,27.77,%,2025-06-06 01:23:00,asd,44.436759,26.050058,True,0
sensor-5,humidity,6.52,%,2025-06-06 01:24:00,asd,44.436759,26.050058,True,2
sensor-5,humidity,78.18,%,2025-06-06 01:25:00,asd,44.436759,26.050058,True,0
sensor-5,humidity,39.24,%,2025-06-06 01:26:00,asd,44.436759,26.050058,True,2
sensor-5,humidity,9.37,%,2025-06-06 01:27:00,asd,44.436759,26.050058,False,2
sensor-5,humidity,89.16,%,2025-06-06 01:28:00,asd,44.436759,26.050058,True,0
sensor-5,humidity,35.98,%,2025-06-06 01:29:00,asd,44.436759,26.050058,True,2
sensor-5,humidity,73.78,%,2025-06-06 01:30:00,asd,44.436759,26.050058,False,0
sensor-5,humidity,1.75,%,2025-06-06 01:31:00,asd,44.436759,26.050058,True,3
sensor-5,humidity,6.65,%,2025-06-06 01:32:00,asd,44.436759,26.050058,True,1
sensor-5,humidity,99.15,%,2025-06-06 01:33:00,asd,44.436759,26.050058,False,2
sensor-5,humidity,95.17,%,2025-06-06 01:34:00,asd,44.436759,26.050058,False,0
sensor-5,humidity,52.13,%,2025-06-06 01:35:00,asd,44.436759,26.050058,False,3
sensor-5,humidity,43.28,%,2025-06-06 01:36:00,asd,44.436759,26.050058,False,2
sensor-5,humidity,47.49,%,2025-06-06 01:37:00,asd,44.436759,26.050058,False,3
sensor-5,humidity,94.31,%,2025-06-06 01:38:00,asd,44.436759,26.050058,True,1
sensor-5,humidity,62.8,%,2025-06-06 01:39:00,asd,44.436759,26.050058,True,2
sensor-6,pressure,72.18,hPa,2025-06-06 00:00:00,asd,44.432867,26.058599,True,1
sensor-6,pressure,91.32,hPa,2025-06-06 00:01:00,asd,44.432867,26.058599,False,2
sensor-6,pressure,70.87,hPa,2025-06-06 00:02:00,asd,44.432867,26.058599,True,2
sensor-6,pressure,73.59,hPa,2025-06-06 00:03:00,asd,44.432867,26.058599,False,2
sensor-6,pressure,38.32,hPa,2025-06-06 00:04:00,asd,44.432867,26.058599,False,2
sensor-6,pressure,69.41,hPa,2025-06-06 00:05:00,asd,44.432867,26.058599,False,2
sensor-6,pressure,57.41,hPa,2025-06-06 00:06:00,asd,44.432867,26.058599,False,2
sensor-6,pressure,92.16,hPa,2025-06-06 00:07:00,asd,44.432867,26.058599,True,2
sensor-6,pressure,41.26,hPa,2025-06-06 00:08:00,asd,44.432867,26.058599,False,2
sensor-6,pressure,75.82,hPa,2025-06-06 00:09:00,asd,44.432867,26.058599,True,3
sensor-6,pressure,58.57,hPa,2025-06-06 00:10:00,asd,44.432867,26.058599,True,1
sensor-6,pressure,85.22,hPa,2025-06-06 00:11:00,asd,44.432867,26.058599,False,2
sensor-6,pressure,78.06,hPa,2025-06-06 00:12:00,asd,44.432867,26.058599,True,2
sensor-6,pressure,68.76,hPa,2025-06-06 00:13:00,asd,44.432867,26.058599,False,3
sensor-6,pressure,2.77,hPa,2025-06-06 00:14:00,asd,44.432867,26.058599,True,0
sensor-6,pressure,93.52,hPa,2025-06-06 00:15:00,asd,44.432867,26.058599,True,0
sensor-6,pressure,12.31,hPa,2025-06-06 00:16:00,asd,44.432867,26.058599,False,1
sensor-6,pressure,98.53,hPa,2025-06-06 00:17:00,asd,44.432867,26.058599,True,0
sensor-6,pressure,37.27,hPa,2025-06-06 00:18:00,asd,44.432867,26.058599,True,2
sensor-6,pressure,12.94,hPa,2025-06-06 00:19:00,asd,44.432867,26.058599,True,3
sensor-6,pressure,5.12,hPa,2025-06-06 00:20:00,asd,44.432867,26.058599,False,2
sensor-6,pressure,6.9,hPa,2025-06-06 00:21:00,asd,44.432867,26.058599,False,1
sensor-6,pressure,49.48,hPa,2025-06-06 00:22:00,asd,44.432867,26.058599,False,0
sensor-6,pressure,59.96,hPa,2025-06-06 00:23:00,asd,44.432867,26.058599,True,3
sensor-6,pressure,42.9,hPa,2025-06-06 00:24:00,asd,44.432867,26.058599,False,1
sensor-6,pressure,6.43,hPa,2025-06-06 00:25:00,asd,44.432867,26.058599,True,1
sensor-6,pressure,42.03,hPa,2025-06-06 00:26:00,asd,44.432867,26.058599,False,1
sensor-6,pressure,10.24,hPa,2025-06-06 00:27:00,asd,44.432867,26.058599,True,2
sensor-6,pressure,91.42,hPa,2025-06-06 00:28:00,asd,44.432867,26.058599,True,2
sensor-6,pressure,62.27,hPa,2025-06-06 00:29:00,asd,44.432867,26.058599,True,1
sensor-6,pressure,53.11,hPa,2025-06-06 00:30:00,asd,44.432867,26.058599,False,1
sensor-6,pressure,46.87,hPa,2025-06-06 00:31:00,asd,44.432867,26.058599,False,3
sensor-6,pressure,74.09,hPa,2025-06-06 00:32:00,asd,44.432867,26.058599,True,0
sensor-6,pressure,8.76,hPa,2025-06-06 00:33:00,asd,44.432867,26.058599,False,2
sensor-6,pressure,42.47,hPa,2025-06-06 00:34:00,asd,44.432867,26.058599,False,0
sensor-6,pressure,14.12,hPa,2025-06-06 00:35:00,asd,44.432867,26.058599,False,0
sensor-6,pressure,88.78,hPa,2025-06-06 00:36:00,asd,44.432867,26.058599,False,1
sensor-6,pressure,43.95,hPa,2025-06-06 00:37:00,asd,44.432867,26.058599,True,1
sensor-6,pressure,53.58,hPa,2025-06-06 00:38:00,asd,44.432867,26.058599,True,2
sensor-6,pressure,63.05,hPa,2025-06-06 00:39:00,asd,44.432867,26.058599,False,2
sensor-6,pressure,98.56,hPa,2025-06-06 00:40:00,asd,44.432867,26.058599,False,3
sensor-6,pressure,87.58,hPa,2025-06-06 00:41:00,asd,44.432867,26.058599,False,2
sensor-6,pressure,92.02,hPa,2025-06-06 00:42:00,asd,44.432867,26.058599,False,2
sensor-6,pressure,86.34,hPa,2025-06-06 00:43:00,asd,44.432867,26.058599,True,0
sensor-6,pressure,48.29,hPa,2025-06-06 00:44:00,asd,44.432867,26.058599,False,2
sensor-6,pressure,75.17,hPa,2025-06-06 00:45:00,asd,44.432867,26.058599,True,0
sensor-6,pressure,32.76,hPa,2025-06-06 00:46:00,asd,44.432867,26.058599,False,2
sensor-6,pressure,36.48,hPa,2025-06-06 00:47:00,asd,44.432867,26.058599,True,1
sensor-6,pressure,46.85,hPa,2025-06-06 00:48:00,asd,44.432867,26.058599,True,3
sensor-6,pressure,2.68,hPa,2025-06-06 00:49:00,asd,44.432867,26.058599,True,0
sensor-6,pressure,22.77,hPa,2025-06-06 00:50:00,asd,44.432867,26.058599,False,0
sensor-6,pressure,21.91,hPa,2025-06-06 00:51:00,asd,44.432867,26.058599,False,2
sensor-6,pressure,15.44,hPa,2025-06-06 00:52:00,asd,44.432867,26.058599,True,2
sensor-6,pressure,29.75,hPa,2025-06-06 00:53:00,asd,44.432867,26.058599,False,2
sensor-6,pressure,78.12,hPa,2025-06-06 00:54:00,asd,44.432867,26.058599,False,0
sensor-6,pressure,6.92,hPa,2025-06-06 00:55:00,asd,44.432867,26.058599,False,0
sensor-6,pressure,34.82,hPa,2025-06-06 00:56:00,asd,44.432867,26.058599,True,2
sensor-6,pressure,21.85,hPa,2025-06-06 00:57:00,asd,44.432867,26.058599,True,3
sensor-6,pressure,25.9,hPa,2025-06-06 00:58:00,asd,44.432867,26.058599,True,3
sensor-6,pressure,92.96,hPa,2025-06-06 00:59:00,asd,44.432867,26.058599,True,1
sensor-6,pressure,15.68,hPa,2025-06-06 01:00:00,asd,44.432867,26.058599,False,0
sensor-6,pressure,11.63,hPa,2025-06-06 01:01:00,asd,44.432867,26.058599,False,1
sensor-6,pressure,45.81,hPa,2025-06-06 01:02:00,asd,44.432867,26.058599,False,1
sensor-6,pressure,25.49,hPa,2025-06-06 01:03:00,asd,44.432867,26.058599,False,1
sensor-6,pressure,71.17,hPa,2025-06-06 01:04:00,asd,44.432867,26.058599,True,3
sensor-6,pressure,14.06,hPa,2025-06-06 01:05:00,asd,44.432867,26.058599,False,1
sensor-6,pressure,77.05,hPa,2025-06-06 01:06:00,asd,44.432867,26.058599,True,1
sensor-6,pressure,12.89,hPa,2025-06-06 01:07:00,asd,44.432867,26.058599,True,3
sensor-6,pressure,61.67,hPa,2025-06-06 01:08:00,asd,44.432867,26.058599,True,2
sensor-6,pressure,95.18,hPa,2025-06-06 01:09:00,asd,44.432867,26.058599,False,2
sensor-6,pressure,52.03,hPa,2025-06-06 01:10:00,asd,44.432867,26.058599,False,0
sensor-6,pressure,42.43,hPa,2025-06-06 01:11:00,asd,44.432867,26.058599,False,1
sensor-6,pressure,5.07,hPa,2025-06-06 01:12:00,asd,44.432867,26.058599,False,2
sensor-6,pressure,11.7,hPa,2025-06-06 01:13:00,asd,44.432867,26.058599,False,1
sensor-6,pressure,42.9,hPa,2025-06-06 01:14:00,asd,44.432867,26.058599,False,2
sensor-6,pressure,20.92,hPa,2025-06-06 01:15:00,asd,44.432867,26.058599,True,0
sensor-6,pressure,89.67,hPa,2025-06-06 01:16:00,asd,44.432867,26.058599,True,1
sensor-6,pressure,55.02,hPa,2025-06-06 01:17:00,asd,44.432867,26.058599,True,2
sensor-6,pressure,73.4,hPa,2025-06-06 01:18:00,asd,44.432867,26.058599,False,0
sensor-6,pressure,73.76,hPa,2025-06-06 01:19:00,asd,44.432867,26.058599,False,2
sensor-6,pressure,10.02,hPa,2025-06-06 01:20:00,asd,44.432867,26.058599,False,2
sensor-6,pressure,23.96,hPa,2025-06-06 01:21:00,asd,44.432867,26.058599,True,3
sensor-6,pressure,65.92,hPa,2025-06-06 01:22:00,asd,44.432867,26.058599,True,1
sensor-6,pressure,67.33,hPa,2025-06-06 01:23:00,asd,44.432867,26.058599,False,1
sensor-6,pressure,18.57,hPa,2025-06-06 01:24:00,asd,44.432867,26.058599,True,2
sensor-6,pressure,2.14,hPa,2025-06-06 01:25:00,asd,44.432867,26.058599,True,0
sensor-6,pressure,22.96,hPa,2025-06-06 01:26:00,asd,44.432867,26.058599,True,0
sensor-6,pressure,31.35,hPa,2025-06-06 01:27:00,asd,44.432867,26.058599,True,0
sensor-6,pressure,78.28,hPa,2025-06-06 01:28:00,asd,44.432867,26.058599,False,0
sensor-6,pressure,68.84,hPa,2025-06-06 01:29:00,asd,44.432867,26.058599,True,3
sensor-6,pressure,1.47,hPa,2025-06-06 01:30:00,asd,44.432867,26.058599,False,2
sensor-6,pressure,53.53,hPa,2025-06-06 01:31:00,asd,44.432867,26.058599,False,2
sensor-6,pressure,32.57,hPa,2025-06-06 01:32:00,asd,44.432867,26.058599,False,3
sensor-6,pressure,91.19,hPa,2025-06-06 01:33:00,asd,44.432867,26.058599,False,1
sensor-6,pressure,16.44,hPa,2025-06-06 01:34:00,asd,44.432867,26.058599,False,0
sensor-6,pressure,17.32,hPa,2025-06-06 01:35:00,asd,44.432867,26.058599,False,1
sensor-6,pressure,86.92,hPa,2025-06-06 01:36:00,asd,44.432867,26.058599,True,3
sensor-6,pressure,9.28,hPa,2025-06-06 01:37:00,asd,44.432867,26.058599,True,2
sensor-6,pressure,43.11,hPa,2025-06-06 01:38:00,asd,44.432867,26.058599,False,0
sensor-6,pressure,34.86,hPa,2025-06-06 01:39:00,asd,44.432867,26.058599,False,2
sensor-7,humidity,21.46,%,2025-06-06 00:00:00,asd,44.431976,26.057052,False,2
sensor-7,humidity,62.88,%,2025-06-06 00:01:00,asd,44.431976,26.057052,True,0
sensor-7,humidity,17.12,%,2025-06-06 00:02:00,asd,44.431976,26.057052,False,0
sensor-7,humidity,29.1,%,2025-06-06 00:03:00,asd,44.431976,26.057052,False,2
sensor-7,humidity,64.37,%,2025-06-06 00:04:00,asd,44.431976,26.057052,False,0
sensor-7,humidity,37.83,%,2025-06-06 00:05:00,asd,44.431976,26.057052,False,0
sensor-7,humidity,7.22,%,2025-06-06 00:06:00,asd,44.431976,26.057052,False,3
sensor-7,humidity,43.43,%,2025-06-06 00:07:00,asd,44.431976,26.057052,False,2
sensor-7,humidity,75.53,%,2025-06-06 00:08:00,asd,44.431976,26.057052,True,2
sensor-7,humidity,18.19,%,2025-06-06 00:09:00,asd,44.431976,26.057052,False,2
sensor-7,humidity,55.65,%,2025-06-06 00:10:00,asd,44.431976,26.057052,False,1
sensor-7,humidity,97.11,%,2025-06-06 00:11:00,asd,44.431976,26.057052,True,1
sensor-7,humidity,47.24,%,2025-06-06 00:12:00,asd,44.431976,26.057052,False,0
sensor-7,humidity,9.62,%,2025-06-06 00:13:00,asd,44.431976,26.057052,False,1
sensor-7,humidity,61.64,%,2025-06-06 00:14:00,asd,44.431976,26.057052,True,0
sensor-7,humidity,73.35,%,2025-06-06 00:15:00,asd,44.431976,26.057052,True,1
sensor-7,humidity,8.03,%,2025-06-06 00:16:00,asd,44.431976,26.057052,True,0
sensor-7,humidity,83.91,%,2025-06-06 00:17:00,asd,44.431976,26.057052,False,3
sensor-7,humidity,75.15,%,2025-06-06 00:18:00,asd,44.431976,26.057052,False,0
sensor-7,humidity,26.51,%,2025-06-06 00:19:00,asd,44.431976,26.057052,True,1
sensor-7,humidity,69.48,%,2025-06-06 00:20:00,asd,44.431976,26.057052,False,0
sensor-7,humidity,91.4,%,2025-06-06 00:21:00,asd,44.431976,26.057052,True,2
sensor-7,humidity,15.89,%,2025-06-06 00:22:00,asd,44.431976,26.057052,True,2
sensor-7,humidity,93.32,%,2025-06-06 00:23:00,asd,44.431976,26.057052,False,0
sensor-7,humidity,86.94,%,2025-06-06 00:24:00,asd,44.431976,26.057052,True,1
sensor-7,humidity,28.96,%,2025-06-06 00:25:00,asd,44.431976,26.057052,True,0
sensor-7,humidity,11.93,%,2025-06-06 00:26:00,asd,44.431976,26.057052,False,0
sensor-7,humidity,66.51,%,2025-06-06 00:27:00,asd,44.431976,26.057052,False,0
sensor-7,humidity,69.29,%,2025-06-06 00:28:00,asd,44.431976,26.057052,False,2
sensor-7,humidity,28.97,%,2025-06-06 00:29:00,asd,44.431976,26.057052,True,0
sensor-7,humidity,49.15,%,2025-06-06 00:30:00,asd,44.431976,26.057052,False,1
sensor-7,humidity,52.06,%,2025-06-06 00:31:00,asd,44.431976,26.057052,True,2
sensor-7,humidity,97.42,%,2025-06-06 00:32:00,asd,44.431976,26.057052,False,3
sensor-7,humidity,80.2,%,2025-06-06 00:33:00,asd,44.431976,26.057052,True,0
sensor-7,humidity,83.64,%,2025-06-06 00:34:00,asd,44.431976,26.057052,True,0
sensor-7,humidity,87.16,%,2025-06-06 00:35:00,asd,44.431976,26.057052,False,1
sensor-7,humidity,88.16,%,2025-06-06 00:36:00,asd,44.431976,26.057052,True,2
sensor-7,humidity,16.89,%,2025-06-06 00:37:00,asd,44.431976,26.057052,True,2
sensor-7,humidity,77.57,%,2025-06-06 00:38:00,asd,44.431976,26.057052,False,3
sensor-7,humidity,73.61,%,2025-06-06 00:39:00,asd,44.431976,26.057052,False,2
sensor-7,humidity,43.69,%,2025-06-06 00:40:00,asd,44.431976,26.057052,True,1
sensor-7,humidity,1.03,%,2025-06-06 00:41:00,asd,44.431976,26.057052,False,0
sensor-7,humidity,78.14,%,2025-06-06 00:42:00,asd,44.431976,26.057052,False,3
sensor-7,humidity,66.6,%,2025-06-06 00:43:00,asd,44.431976,26.057052,True,0
sensor-7,humidity,83.42,%,2025-06-06 00:44:00,asd,44.431976,26.057052,False,3
sensor-7,humidity,32.9,%,2025-06-06 00:45:00,asd,44.431976,26.057052,False,2
sensor-7,humidity,61.01,%,2025-06-06 00:46:00,asd,44.431976,26.057052,True,2
sensor-7,humidity,57.55,%,2025-06-06 00:47:00,asd,44.431976,26.057052,True,0
sensor-7,humidity,77.1,%,2025-06-06 00:48:00,asd,44.431976,26.057052,True,1
sensor-7,humidity,51.05,%,2025-06-06 00:49:00,asd,44.431976,26.057052,False,2
sensor-7,humidity,84.94,%,2025-06-06 00:50:00,asd,44.431976,26.057052,True,2
sensor-7,humidity,92.23,%,2025-06-06 00:51:00,asd,44.431976,26.057052,False,0
sensor-7,humidity,93.77,%,2025-06-06 00:52:00,asd,44.431976,26.057052,True,1
sensor-7,humidity,94.1,%,2025-06-06 00:53:00,asd,44.431976,26.057052,True,3
sensor-7,humidity,79.46,%,2025-06-06 00:54:00,asd,44.431976,26.057052,True,3
sensor-7,humidity,36.5,%,2025-06-06 00:55:00,asd,44.431976,26.057052,False,1
sensor-7,humidity,78.65,%,2025-06-06 00:56:00,asd,44.431976,26.057052,True,0
sensor-7,humidity,28.55,%,2025-06-06 00:57:00,asd,44.431976,26.057052,True,1
sensor-7,humidity,16.49,%,2025-06-06 00:58:00,asd,44.431976,26.057052,True,3
sensor-7,humidity,66.35,%,2025-06-06 00:59:00,asd,44.431976,26.057052,True,2
sensor-7,humidity,93.14,%,2025-06-06 01:00:00,asd,44.431976,26.057052,True,1
sensor-7,humidity,23.05,%,2025-06-06 01:01:00,asd,44.431976,26.057052,True,1
sensor-7,humidity,87.51,%,2025-06-06 01:02:00,asd,44.431976,26.057052,True,2
sensor-7,humidity,48.52,%,2025-06-06 01:03:00,asd,44.431976,26.057052,False,1
sensor-7,humidity,80.49,%,2025-06-06 01:04:00,asd,44.431976,26.057052,False,0
sensor-7,humidity,57.63,%,2025-06-06 01:05:00,asd,44.431976,26.057052,False,2
sensor-7,humidity,39.56,%,2025-06-06 01:06:00,asd,44.431976,26.057052,True,1
sensor-7,humidity,38.89,%,2025-06-06 01:07:00,asd,44.431976,26.057052,False,2
sensor-7,humidity,20.23,%,2025-06-06 01:08:00,asd,44.431976,26.057052,True,1
sensor-7,humidity,43.45,%,2025-06-06 01:09:00,asd,44.431976,26.057052,True,3
sensor-7,humidity,10.18,%,2025-06-06 01:10:00,asd,44.431976,26.057052,True,3
sensor-7,humidity,19.58,%,2025-06-06 01:11:00,asd,44.431976,26.057052,True,3
sensor-7,humidity,58.32,%,2025-06-06 01:12:00,asd,44.431976,26.057052,True,1
sensor-7,humidity,44.16,%,2025-06-06 01:13:00,asd,44.431976,26.057052,True,0
sensor-7,humidity,7.33,%,2025-06-06 01:14:00,asd,44.431976,26.057052,False,2
sensor-7,humidity,67.8,%,2025-06-06 01:15:00,asd,44.431976,26.057052,False,2
sensor-7,humidity,83.11,%,2025-06-06 01:16:00,asd,44.431976,26.057052,False,2
sensor-7,humidity,66.41,%,2025-06-06 01:17:00,asd,44.431976,26.057052,False,1
sensor-7,humidity,71.96,%,2025-06-06 01:18:00,asd,44.431976,26.057052,False,1
sensor-7,humidity,15.1,%,2025-06-06 01:19:00,asd,44.431976,26.057052,False,3
sensor-7,humidity,42.18,%,2025-06-06 01:20:00,asd,44.431976,26.057052,False,3
sensor-7,humidity,3.55,%,2025-06-06 01:21:00,asd,44.431976,26.057052,False,1
sensor-7,humidity,73.57,%,2025-06-06 01:22:00,asd,44.431976,26.057052,True,0
sensor-7,humidity,54.14,%,2025-06-06 01:23:00,asd,44.431976,26.057052,True,2
sensor-7,humidity,50.3,%,2025-06-06 01:24:00,asd,44.431976,26.057052,False,1
sensor-7,humidity,61.52,%,2025-06-06 01:25:00,asd,44.431976,26.057052,True,0
sensor-7,humidity,60.69,%,2025-06-06 01:26:00,asd,44.431976,26.057052,True,3
sensor-7,humidity,8.45,%,2025-06-06 01:27:00,asd,44.431976,26.057052,True,0
sensor-7,humidity,63.1,%,2025-06-06 01:28:00,asd,44.431976,26.057052,True,0
sensor-7,humidity,17.36,%,2025-06-06 01:29:00,asd,44.431976,26.057052,True,1
sensor-7,humidity,81.33,%,2025-06-06 01:30:00,asd,44.431976,26.057052,True,2
sensor-7,humidity,53.17,%,2025-06-06 01:31:00,asd,44.431976,26.057052,True,0
sensor-7,humidity,23.11,%,2025-06-06 01:32:00,asd,44.431976,26.057052,True,1
sensor-7,humidity,79.58,%,2025-06-06 01:33:00,asd,44.431976,26.057052,False,0
sensor-7,humidity,37.78,%,2025-06-06 01:34:00,asd,44.431976,26.057052,True,1
sensor-7,humidity,63.09,%,2025-06-06 01:35:00,asd,44.431976,26.057052,False,3
sensor-7,humidity,52.45,%,2025-06-06 01:36:00,asd,44.431976,26.057052,True,1
sensor-7,humidity,39.38,%,2025-06-06 01:37:00,asd,44.431976,26.057052,False,1
sensor-7,humidity,83.66,%,2025-06-06 01:38:00,asd,44.431976,26.057052,False,1
sensor-7,humidity,42.18,%,2025-06-06 01:39:00,asd,44.431976,26.057052,True,3
sensor-8,temperature,97.94,°C,2025-06-06 00:00:00,asd,44.439657,26.052561,False,2
sensor-8,temperature,99.13,°C,2025-06-06 00:01:00,asd,44.439657,26.052561,True,0
sensor-8,temperature,6.14,°C,2025-06-06 00:02:00,asd,44.439657,26.052561,True,0
sensor-8,temperature,71.03,°C,2025-06-06 00:03:00,asd,44.439657,26.052561,False,3
sensor-8,temperature,60.95,°C,2025-06-06 00:04:00,asd,44.439657,26.052561,True,0
sensor-8,temperature,60.95,°C,2025-06-06 00:05:00,asd,44.439657,26.052561,True,1
sensor-8,temperature,90.92,°C,2025-06-06 00:06:00,asd,44.439657,26.052561,True,0
sensor-8,temperature,47.55,°C,2025-06-06 00:07:00,asd,44.439657,26.052561,False,2
sensor-8,temperature,73.76,°C,2025-06-06 00:08:00,asd,44.439657,26.052561,False,0
sensor-8,temperature,7.91,°C,2025-06-06 00:09:00,asd,44.439657,26.052561,True,3
sensor-8,temperature,14.62,°C,2025-06-06 00:10:00,asd,44.439657,26.052561,True,2
sensor-8,temperature,71.86,°C,2025-06-06 00:11:00,asd,44.439657,26.052561,True,0
sensor-8,temperature,4.76,°C,2025-06-06 00:12:00,asd,44.439657,26.052561,True,1
sensor-8,temperature,91.87,°C,2025-06-06 00:13:00,asd,44.439657,26.052561,True,2
sensor-8,temperature,62.87,°C,2025-06-06 00:14:00,asd,44.439657,26.052561,True,2
sensor-8,temperature,19.0,°C,2025-06-06 00:15:00,asd,44.439657,26.052561,True,1
sensor-8,temperature,59.99,°C,2025-06-06 00:16:00,asd,44.439657,26.052561,True,1
sensor-8,temperature,99.48,°C,2025-06-06 00:17:00,asd,44.439657,26.052561,True,2
sensor-8,temperature,82.49,°C,2025-06-06 00:18:00,asd,44.439657,26.052561,True,0
sensor-8,temperature,44.05,°C,2025-06-06 00:19:00,asd,44.439657,26.052561,False,2
sensor-8,temperature,25.95,°C,2025-06-06 00:20:00,asd,44.439657,26.052561,True,0
sensor-8,temperature,86.83,°C,2025-06-06 00:21:00,asd,44.439657,26.052561,True,3
sensor-8,temperature,95.77,°C,2025-06-06 00:22:00,asd,44.439657,26.052561,True,0
sensor-8,temperature,93.71,°C,2025-06-06 00:23:00,asd,44.439657,26.052561,True,2
sensor-8,temperature,91.07,°C,2025-06-06 00:24:00,asd,44.439657,26.052561,True,2
sensor-8,temperature,34.24,°C,2025-06-06 00:25:00,asd,44.439657,26.052561,True,2
sensor-8,temperature,14.17,°C,2025-06-06 00:26:00,asd,44.439657,26.052561,True,3
sensor-8,temperature,0.58,°C,2025-06-06 00:27:00,asd,44.439657,26.052561,True,3
sensor-8,temperature,34.79,°C,2025-06-06 00:28:00,asd,44.439657,26.052561,False,1
sensor-8,temperature,88.4,°C,2025-06-06 00:29:00,asd,44.439657,26.052561,True,3
sensor-8,temperature,77.47,°C,2025-06-06 00:30:00,asd,44.439657,26.052561,True,0
sensor-8,temperature,91.02,°C,2025-06-06 00:31:00,asd,44.439657,26.052561,False,3
sensor-8,temperature,89.96,°C,2025-06-06 00:32:00,asd,44.439657,26.052561,True,0
sensor-8,temperature,36.41,°C,2025-06-06 00:33:00,asd,44.439657,26.052561,False,1
sensor-8,temperature,94.62,°C,2025-06-06 00:34:00,asd,44.439657,26.052561,True,3
sensor-8,temperature,85.26,°C,2025-06-06 00:35:00,asd,44.439657,26.052561,True,2
sensor-8,temperature,32.18,°C,2025-06-06 00:36:00,asd,44.439657,26.052561,False,2
sensor-8,temperature,66.91,°C,2025-06-06 00:37:00,asd,44.439657,26.052561,False,1
sensor-8,temperature,63.99,°C,2025-06-06 00:38:00,asd,44.439657,26.052561,False,2
sensor-8,temperature,87.99,°C,2025-06-06 00:39:00,asd,44.439657,26.052561,False,3
sensor-8,temperature,73.95,°C,2025-06-06 00:40:00,asd,44.439657,26.052561,True,2
sensor-8,temperature,42.98,°C,2025-06-06 00:41:00,asd,44.439657,26.052561,True,1
sensor-8,temperature,28.41,°C,2025-06-06 00:42:00,asd,44.439657,26.052561,False,2
sensor-8,temperature,6.99,°C,2025-06-06 00:43:00,asd,44.439657,26.052561,False,3
sensor-8,temperature,11.14,°C,2025-06-06 00:44:00,asd,44.439657,26.052561,False,1
sensor-8,temperature,64.44,°C,2025-06-06 00:45:00,asd,44.439657,26.052561,True,2
sensor-8,temperature,84.43,°C,2025-06-06 00:46:00,asd,44.439657,26.052561,True,0
sensor-8,temperature,4.26,°C,2025-06-06 00:47:00,asd,44.439657,26.052561,True,0
sensor-8,temperature,82.86,°C,2025-06-06 00:48:00,asd,44.439657,26.052561,False,3
sensor-8,temperature,14.74,°C,2025-06-06 00:49:00,asd,44.439657,26.052561,False,2
sensor-8,temperature,23.2,°C,2025-06-06 00:50:00,asd,44.439657,26.052561,False,0
sensor-8,temperature,37.38,°C,2025-06-06 00:51:00,asd,44.439657,26.052561,False,0
sensor-8,temperature,67.28,°C,2025-06-06 00:52:00,asd,44.439657,26.052561,True,2
sensor-8,temperature,46.27,°C,2025-06-06 00:53:00,asd,44.439657,26.052561,True,3
sensor-8,temperature,62.07,°C,2025-06-06 00:54:00,asd,44.439657,26.052561,False,1
sensor-8,temperature,23.51,°C,2025-06-06 00:55:00,asd,44.439657,26.052561,False,1
sensor-8,temperature,62.47,°C,2025-06-06 00:56:00,asd,44.439657,26.052561,True,2
sensor-8,temperature,55.19,°C,2025-06-06 00:57:00,asd,44.439657,26.052561,False,3
sensor-8,temperature,84.27,°C,2025-06-06 00:58:00,asd,44.439657,26.052561,False,1
sensor-8,temperature,65.23,°C,2025-06-06 00:59:00,asd,44.439657,26.052561,False,3
sensor-8,temperature,78.82,°C,2025-06-06 01:00:00,asd,44.439657,26.052561,True,2
sensor-8,temperature,19.87,°C,2025-06-06 01:01:00,asd,44.439657,26.052561,False,1
sensor-8,temperature,81.53,°C,2025-06-06 01:02:00,asd,44.439657,26.052561,True,3
sensor-8,temperature,66.79,°C,2025-06-06 01:03:00,asd,44.439657,26.052561,True,1
sensor-8,temperature,23.77,°C,2025-06-06 01:04:00,asd,44.439657,26.052561,True,3
sensor-8,temperature,22.96,°C,2025-06-06 01:05:00,asd,44.439657,26.052561,True,3
sensor-8,temperature,86.35,°C,2025-06-06 01:06:00,asd,44.439657,26.052561,False,1
sensor-8,temperature,48.46,°C,2025-06-06 01:07:00,asd,44.439657,26.052561,True,0
sensor-8,temperature,36.86,°C,2025-06-06 01:08:00,asd,44.439657,26.052561,False,1
sensor-8,temperature,79.93,°C,2025-06-06 01:09:00,asd,44.439657,26.052561,False,0
sensor-8,temperature,17.8,°C,2025-06-06 01:10:00,asd,44.439657,26.052561,True,3
sensor-8,temperature,24.09,°C,2025-06-06 01:11:00,asd,44.439657,26.052561,False,0
sensor-8,temperature,41.0,°C,2025-06-06 01:12:00,asd,44.439657,26.052561,True,1
sensor-8,temperature,69.37,°C,2025-06-06 01:13:00,asd,44.439657,26.052561,False,2
sensor-8,temperature,82.25,°C,2025-06-06 01:14:00,asd,44.439657,26.052561,True,0
sensor-8,temperature,75.19,°C,2025-06-06 01:15:00,asd,44.439657,26.052561,True,1
sensor-8,temperature,71.73,°C,2025-06-06 01:16:00,asd,44.439657,26.052561,False,0
sensor-8,temperature,8.36,°C,2025-06-06 01:17:00,asd,44.439657,26.052561,True,0
sensor-8,temperature,55.29,°C,2025-06-06 01:18:00,asd,44.439657,26.052561,False,0
sensor-8,temperature,93.98,°C,2025-06-06 01:19:00,asd,44.439657,26.052561,True,0
sensor-8,temperature,29.36,°C,2025-06-06 01:20:00,asd,44.439657,26.052561,False,2
sensor-8,temperature,0.63,°C,2025-06-06 01:21:00,asd,44.439657,26.052561,False,0
sensor-8,temperature,30.11,°C,2025-06-06 01:22:00,asd,44.439657,26.052561,False,3
sensor-8,temperature,10.15,°C,2025-06-06 01:23:00,asd,44.439657,26.052561,True,2
sensor-8,temperature,16.44,°C,2025-06-06 01:24:00,asd,44.439657,26.052561,True,2
sensor-8,temperature,5.97,°C,2025-06-06 01:25:00,asd,44.439657,26.052561,True,1
sensor-8,temperature,39.32,°C,2025-06-06 01:26:00,asd,44.439657,26.052561,True,2
sensor-8,temperature,75.51,°C,2025-06-06 01:27:00,asd,44.439657,26.052561,False,0
sensor-8,temperature,55.28,°C,2025-06-06 01:28:00,asd,44.439657,26.052561,True,3
sensor-8,temperature,74.96,°C,2025-06-06 01:29:00,asd,44.439657,26.052561,True,2
sensor-8,temperature,0.8,°C,2025-06-06 01:30:00,asd,44.439657,26.052561,False,3
sensor-8,temperature,35.72,°C,2025-06-06 01:31:00,asd,44.439657,26.052561,True,1
sensor-8,temperature,35.15,°C,2025-06-06 01:32:00,asd,44.439657,26.052561,True,3
sensor-8,temperature,35.39,°C,2025-06-06 01:33:00,asd,44.439657,26.052561,False,2
sensor-8,temperature,26.48,°C,2025-06-06 01:34:00,asd,44.439657,26.052561,True,0
sensor-8,temperature,48.54,°C,2025-06-06 01:35:00,asd,44.439657,26.052561,False,2
sensor-8,temperature,59.73,°C,2025-06-06 01:36:00,asd,44.439657,26.052561,False,2
sensor-8,temperature,31.35,°C,2025-06-06 01:37:00,asd,44.439657,26.052561,False,1
sensor-8,temperature,45.8,°C,2025-06-06 01:38:00,asd,44.439657,26.052561,True,1
sensor-8,temperature,43.45,°C,2025-06-06 01:39:00,asd,44.439657,26.052561,True,3
sensor-9,pressure,25.43,hPa,2025-06-06 00:00:00,asd,44.432347,26.056588,True,2
sensor-9,pressure,43.19,hPa,2025-06-06 00:01:00,asd,44.432347,26.056588,True,3
sensor-9,pressure,92.2,hPa,2025-06-06 00:02:00,asd,44.432347,26.056588,True,0
sensor-9,pressure,10.9,hPa,2025-06-06 00:03:00,asd,44.432347,26.056588,False,1
sensor-9,pressure,20.04,hPa,2025-06-06 00:04:00,asd,44.432347,26.056588,True,3
sensor-9,pressure,25.46,hPa,2025-06-06 00:05:00,asd,44.432347,26.056588,True,1
sensor-9,pressure,82.25,hPa,2025-06-06 00:06:00,asd,44.432347,26.056588,True,2
sensor-9,pressure,93.04,hPa,2025-06-06 00:07:00,asd,44.432347,26.056588,False,1
sensor-9,pressure,11.39,hPa,2025-06-06 00:08:00,asd,44.432347,26.056588,True,1
sensor-9,pressure,94.31,hPa,2025-06-06 00:09:00,asd,44.432347,26.056588,False,3
sensor-9,pressure,96.76,hPa,2025-06-06 00:10:00,asd,44.432347,26.056588,True,2
sensor-9,pressure,43.9,hPa,2025-06-06 00:11:00,asd,44.432347,26.056588,True,3
sensor-9,pressure,8.84,hPa,2025-06-06 00:12:00,asd,44.432347,26.056588,False,0
sensor-9,pressure,57.91,hPa,2025-06-06 00:13:00,asd,44.432347,26.056588,True,3
sensor-9,pressure,29.67,hPa,2025-06-06 00:14:00,asd,44.432347,26.056588,True,0
sensor-9,pressure,37.58,hPa,2025-06-06 00:15:00,asd,44.432347,26.056588,False,0
sensor-9,pressure,25.86,hPa,2025-06-06 00:16:00,asd,44.432347,26.056588,False,1
sensor-9,pressure,21.41,hPa,2025-06-06 00:17:00,asd,44.432347,26.056588,False,3
sensor-9,pressure,29.31,hPa,2025-06-06 00:18:00,asd,44.432347,26.056588,False,3
sensor-9,pressure,91.96,hPa,2025-06-06 00:19:00,asd,44.432347,26.056588,False,3
sensor-9,pressure,26.81,hPa,2025-06-06 00:20:00,asd,44.432347,26.056588,True,0
sensor-9,pressure,84.2,hPa,2025-06-06 00:21:00,asd,44.432347,26.056588,False,2
sensor-9,pressure,47.43,hPa,2025-06-06 00:22:00,asd,44.432347,26.056588,False,2
sensor-9,pressure,39.65,hPa,2025-06-06 00:23:00,asd,44.432347,26.056588,True,1
sensor-9,pressure,32.52,hPa,2025-06-06 00:24:00,asd,44.432347,26.056588,True,1
sensor-9,pressure,83.98,hPa,2025-06-06 00:25:00,asd,44.432347,26.056588,False,3
sensor-9,pressure,61.56,hPa,2025-06-06 00:26:00,asd,44.432347,26.056588,True,0
sensor-9,pressure,11.77,hPa,2025-06-06 00:27:00,asd,44.432347,26.056588,False,2
sensor-9,pressure,97.4,hPa,2025-06-06 00:28:00,asd,44.432347,26.056588,True,2
sensor-9,pressure,75.1,hPa,2025-06-06 00:29:00,asd,44.432347,26.056588,True,1
sensor-9,pressure,27.03,hPa,2025-06-06 00:30:00,asd,44.432347,26.056588,False,1
sensor-9,pressure,46.58,hPa,2025-06-06 00:31:00,asd,44.432347,26.056588,True,3
sensor-9,pressure,48.47,hPa,2025-06-06 00:32:00,asd,44.432347,26.056588,True,1
sensor-9,pressure,18.69,hPa,2025-06-06 00:33:00,asd,44.432347,26.056588,True,1
sensor-9,pressure,46.77,hPa,2025-06-06 00:34:00,asd,44.432347,26.056588,False,2
sensor-9,pressure,58.19,hPa,2025-06-06 00:35:00,asd,44.432347,26.056588,True,3
sensor-9,pressure,90.88,hPa,2025-06-06 00:36:00,asd,44.432347,26.056588,True,3
sensor-9,pressure,73.73,hPa,2025-06-06 00:37:00,asd,44.432347,26.056588,False,3
sensor-9,pressure,68.55,hPa,2025-06-06 00:38:00,asd,44.432347,26.056588,True,3
sensor-9,pressure,91.84,hPa,2025-06-06 00:39:00,asd,44.432347,26.056588,False,1
sensor-9,pressure,35.6,hPa,2025-06-06 00:40:00,asd,44.432347,26.056588,True,1
sensor-9,pressure,28.03,hPa,2025-06-06 00:41:00,asd,44.432347,26.056588,False,2
sensor-9,pressure,70.93,hPa,2025-06-06 00:42:00,asd,44.432347,26.056588,True,0
sensor-9,pressure,68.45,hPa,2025-06-06 00:43:00,asd,44.432347,26.056588,False,2
sensor-9,pressure,61.57,hPa,2025-06-06 00:44:00,asd,44.432347,26.056588,True,3
sensor-9,pressure,96.04,hPa,2025-06-06 00:45:00,asd,44.432347,26.056588,False,1
sensor-9,pressure,45.34,hPa,2025-06-06 00:46:00,asd,44.432347,26.056588,True,3
sensor-9,pressure,58.63,hPa,2025-06-06 00:47:00,asd,44.432347,26.056588,True,1
sensor-9,pressure,48.81,hPa,2025-06-06 00:48:00,asd,44.432347,26.056588,False,2
sensor-9,pressure,49.14,hPa,2025-06-06 00:49:00,asd,44.432347,26.056588,True,0
sensor-9,pressure,1.46,hPa,2025-06-06 00:50:00,asd,44.432347,26.056588,True,2
sensor-9,pressure,59.05,hPa,2025-06-06 00:51:00,asd,44.432347,26.056588,True,3
sensor-9,pressure,69.83,hPa,2025-06-06 00:52:00,asd,44.432347,26.056588,False,3
sensor-9,pressure,2.0,hPa,2025-06-06 00:53:00,asd,44.432347,26.056588,True,0
sensor-9,pressure,16.83,hPa,2025-06-06 00:54:00,asd,44.432347,26.056588,True,1
sensor-9,pressure,16.65,hPa,2025-06-06 00:55:00,asd,44.432347,26.056588,False,1
sensor-9,pressure,18.53,hPa,2025-06-06 00:56:00,asd,44.432347,26.056588,False,3
sensor-9,pressure,20.98,hPa,2025-06-06 00:57:00,asd,44.432347,26.056588,True,0
sensor-9,pressure,94.82,hPa,2025-06-06 00:58:00,asd,44.432347,26.056588,False,1
sensor-9,pressure,53.18,hPa,2025-06-06 00:59:00,asd,44.432347,26.056588,True,2
sensor-9,pressure,90.67,hPa,2025-06-06 01:00:00,asd,44.432347,26.056588,False,1
sensor-9,pressure,94.55,hPa,2025-06-06 01:01:00,asd,44.432347,26.056588,False,3
sensor-9,pressure,59.09,hPa,2025-06-06 01:02:00,asd,44.432347,26.056588,False,0
sensor-9,pressure,49.46,hPa,2025-06-06 01:03:00,asd,44.432347,26.056588,True,1
sensor-9,pressure,82.37,hPa,2025-06-06 01:04:00,asd,44.432347,26.056588,True,1
sensor-9,pressure,6.47,hPa,2025-06-06 01:05:00,asd,44.432347,26.056588,True,1
sensor-9,pressure,8.8,hPa,2025-06-06 01:06:00,asd,44.432347,26.056588,True,3
sensor-9,pressure,24.31,hPa,2025-06-06 01:07:00,asd,44.432347,26.056588,True,2
sensor-9,pressure,8.67,hPa,2025-06-06 01:08:00,asd,44.432347,26.056588,True,0
sensor-9,pressure,11.76,hPa,2025-06-06 01:09:00,asd,44.432347,26.056588,False,3
sensor-9,pressure,27.63,hPa,2025-06-06 01:10:00,asd,44.432347,26.056588,True,2
sensor-9,pressure,23.3,hPa,2025-06-06 01:11:00,asd,44.432347,26.056588,True,1
sensor-9,pressure,6.4,hPa,2025-06-06 01:12:00,asd,44.432347,26.056588,False,0
sensor-9,pressure,84.32,hPa,2025-06-06 01:13:00,asd,44.432347,26.056588,False,0
sensor-9,pressure,37.6,hPa,2025-06-06 01:14:00,asd,44.432347,26.056588,True,3
sensor-9,pressure,1.7,hPa,2025-06-06 01:15:00,asd,44.432347,26.056588,True,2
sensor-9,pressure,80.61,hPa,2025-06-06 01:16:00,asd,44.432347,26.056588,False,0
sensor-9,pressure,51.22,hPa,2025-06-06 01:17:00,asd,44.432347,26.056588,True,2
sensor-9,pressure,4.72,hPa,2025-06-06 01:18:00,asd,44.432347,26.056588,True,3
sensor-9,pressure,93.85,hPa,2025-06-06 01:19:00,asd,44.432347,26.056588,True,3
sensor-9,pressure,1.27,hPa,2025-06-06 01:20:00,asd,44.432347,26.056588,False,1
sensor-9,pressure,76.58,hPa,2025-06-06 01:21:00,asd,44.432347,26.056588,True,3
sensor-9,pressure,98.64,hPa,2025-06-06 01:22:00,asd,44.432347,26.056588,False,0
sensor-9,pressure,49.8,hPa,2025-06-06 01:23:00,asd,44.432347,26.056588,False,2
sensor-9,pressure,52.0,hPa,2025-06-06 01:24:00,asd,44.432347,26.056588,False,2
sensor-9,pressure,83.52,hPa,2025-06-06 01:25:00,asd,44.432347,26.056588,False,0
sensor-9,pressure,14.27,hPa,2025-06-06 01:26:00,asd,44.432347,26.056588,True,0
sensor-9,pressure,4.27,hPa,2025-06-06 01:27:00,asd,44.432347,26.056588,True,0
sensor-9,pressure,66.62,hPa,2025-06-06 01:28:00,asd,44.432347,26.056588,False,2
sensor-9,pressure,45.19,hPa,2025-06-06 01:29:00,asd,44.432347,26.056588,True,1
sensor-9,pressure,100.0,hPa,2025-06-06 01:30:00,asd,44.432347,26.056588,True,3
sensor-9,pressure,33.6,hPa,2025-06-06 01:31:00,asd,44.432347,26.056588,False,3
sensor-9,pressure,30.28,hPa,2025-06-06 01:32:00,asd,44.432347,26.056588,False,0
sensor-9,pressure,15.71,hPa,2025-06-06 01:33:00,asd,44.432347,26.056588,True,1
sensor-9,pressure,95.53,hPa,2025-06-06 01:34:00,asd,44.432347,26.056588,False,1
sensor-9,pressure,77.76,hPa,2025-06-06 01:35:00,asd,44.432347,26.056588,False,0
sensor-9,pressure,20.3,hPa,2025-06-06 01:36:00,asd,44.432347,26.056588,True,1
sensor-9,pressure,27.57,hPa,2025-06-06 01:37:00,asd,44.432347,26.056588,True,1
sensor-9,pressure,21.48,hPa,2025-06-06 01:38:00,asd,44.432347,26.056588,False,1
sensor-9,pressure,28.17,hPa,2025-06-06 01:39:00,asd,44.432347,26.056588,False,0
sensor-10,light,30.57,lux,2025-06-06 00:00:00,asd,44.439505,26.056903,True,3
sensor-10,light,58.49,lux,2025-06-06 00:01:00,asd,44.439505,26.056903,False,0
sensor-10,light,81.88,lux,2025-06-06 00:02:00,asd,44.439505,26.056903,False,1
sensor-10,light,27.7,lux,2025-06-06 00:03:00,asd,44.439505,26.056903,False,3
sensor-10,light,58.01,lux,2025-06-06 00:04:00,asd,44.439505,26.056903,False,1
sensor-10,light,40.24,lux,2025-06-06 00:05:00,asd,44.439505,26.056903,False,2
sensor-10,light,3.41,lux,2025-06-06 00:06:00,asd,44.439505,26.056903,True,2
sensor-10,light,3.11,lux,2025-06-06 00:07:00,asd,44.439505,26.056903,True,3
sensor-10,light,77.09,lux,2025-06-06 00:08:00,asd,44.439505,26.056903,True,0
sensor-10,light,82.49,lux,2025-06-06 00:09:00,asd,44.439505,26.056903,False,1
sensor-10,light,83.4,lux,2025-06-06 00:10:00,asd,44.439505,26.056903,True,1
sensor-10,light,28.81,lux,2025-06-06 00:11:00,asd,44.439505,26.056903,True,2
sensor-10,light,62.8,lux,2025-06-06 00:12:00,asd,44.439505,26.056903,True,0
sensor-10,light,29.83,lux,2025-06-06 00:13:00,asd,44.439505,26.056903,True,1
sensor-10,light,58.13,lux,2025-06-06 00:14:00,asd,44.439505,26.056903,False,1
sensor-10,light,13.11,lux,2025-06-06 00:15:00,asd,44.439505,26.056903,False,2
sensor-10,light,5.01,lux,2025-06-06 00:16:00,asd,44.439505,26.056903,True,3
sensor-10,light,42.79,lux,2025-06-06 00:17:00,asd,44.439505,26.056903,False,0
sensor-10,light,8.04,lux,2025-06-06 00:18:00,asd,44.439505,26.056903,True,1
sensor-10,light,85.84,lux,2025-06-06 00:19:00,asd,44.439505,26.056903,False,3
sensor-10,light,52.14,lux,2025-06-06 00:20:00,asd,44.439505,26.056903,False,3
sensor-10,light,29.94,lux,2025-06-06 00:21:00,asd,44.439505,26.056903,False,3
sensor-10,light,72.54,lux,2025-06-06 00:22:00,asd,44.439505,26.056903,False,0
sensor-10,light,33.07,lux,2025-06-06 00:23:00,asd,44.439505,26.056903,True,2
sensor-10,light,62.93,lux,2025-06-06 00:24:00,asd,44.439505,26.056903,False,0
sensor-10,light,18.14,lux,2025-06-06 00:25:00,asd,44.439505,26.056903,True,3
sensor-10,light,10.54,lux,2025-06-06 00:26:00,asd,44.439505,26.056903,False,2
sensor-10,light,67.25,lux,2025-06-06 00:27:00,asd,44.439505,26.056903,False,3
sensor-10,light,22.4,lux,2025-06-06 00:28:00,asd,44.439505,26.056903,True,3
sensor-10,light,70.32,lux,2025-06-06 00:29:00,asd,44.439505,26.056903,False,2
sensor-10,light,0.66,lux,2025-06-06 00:30:00,asd,44.439505,26.056903,False,0
sensor-10,light,27.1,lux,2025-06-06 00:31:00,asd,44.439505,26.056903,True,0
sensor-10,light,88.73,lux,2025-06-06 00:32:00,asd,44.439505,26.056903,True,1
sensor-10,light,52.31,lux,2025-06-06 00:33:00,asd,44.439505,26.056903,False,3
sensor-10,light,15.46,lux,2025-06-06 00:34:00,asd,44.439505,26.056903,False,3
sensor-10,light,96.99,lux,2025-06-06 00:35:00,asd,44.439505,26.056903,False,1
sensor-10,light,98.87,lux,2025-06-06 00:36:00,asd,44.439505,26.056903,False,1
sensor-10,light,76.75,lux,2025-06-06 00:37:00,asd,44.439505,26.056903,False,1
sensor-10,light,49.46,lux,2025-06-06 00:38:00,asd,44.439505,26.056903,True,3
sensor-10,light,26.67,lux,2025-06-06 00:39:00,asd,44.439505,26.056903,False,1
sensor-10,light,80.91,lux,2025-06-06 00:40:00,asd,44.439505,26.056903,False,1
sensor-10,light,18.75,lux,2025-06-06 00:41:00,asd,44.439505,26.056903,False,0
sensor-10,light,5.44,lux,2025-06-06 00:42:00,asd,44.439505,26.056903,True,3
sensor-10,light,16.13,lux,2025-06-06 00:43:00,asd,44.439505,26.056903,True,2
sensor-10,light,81.84,lux,2025-06-06 00:44:00,asd,44.439505,26.056903,False,0
sensor-10,light,31.0,lux,2025-06-06 00:45:00,asd,44.439505,26.056903,True,1
sensor-10,light,8.23,lux,2025-06-06 00:46:00,asd,44.439505,26.056903,True,1
sensor-10,light,78.96,lux,2025-06-06 00:47:00,asd,44.439505,26.056903,False,0
sensor-10,light,57.95,lux,2025-06-06 00:48:00,asd,44.439505,26.056903,True,0
sensor-10,light,93.31,lux,2025-06-06 00:49:00,asd,44.439505,26.056903,True,3
sensor-10,light,58.08,lux,2025-06-06 00:50:00,asd,44.439505,26.056903,False,3
sensor-10,light,87.94,lux,2025-06-06 00:51:00,asd,44.439505,26.056903,True,2
sensor-10,light,8.43,lux,2025-06-06 00:52:00,asd,44.439505,26.056903,False,0
sensor-10,light,91.75,lux,2025-06-06 00:53:00,asd,44.439505,26.056903,False,1
sensor-10,light,50.48,lux,2025-06-06 00:54:00,asd,44.439505,26.056903,True,2
sensor-10,light,30.6,lux,2025-06-06 00:55:00,asd,44.439505,26.056903,False,2
sensor-10,light,12.72,lux,2025-06-06 00:56:00,asd,44.439505,26.056903,True,2
sensor-10,light,70.27,lux,2025-06-06 00:57:00,asd,44.439505,26.056903,True,1
sensor-10,light,55.55,lux,2025-06-06 00:58:00,asd,44.439505,26.056903,True,2
sensor-10,light,13.08,lux,2025-06-06 00:59:00,asd,44.439505,26.056903,False,3
sensor-10,light,81.15,lux,2025-06-06 01:00:00,asd,44.439505,26.056903,False,0
sensor-10,light,90.84,lux,2025-06-06 01:01:00,asd,44.439505,26.056903,True,3
sensor-10,light,68.94,lux,2025-06-06 01:02:00,asd,44.439505,26.056903,False,1
sensor-10,light,8.68,lux,2025-06-06 01:03:00,asd,44.439505,26.056903,True,2
sensor-10,light,54.57,lux,2025-06-06 01:04:00,asd,44.439505,26.056903,False,2
sensor-10,light,6.45,lux,2025-06-06 01:05:00,asd,44.439505,26.056903,False,3
sensor-10,light,81.88,lux,2025-06-06 01:06:00,asd,44.439505,26.056903,True,2
sensor-10,light,49.38,lux,2025-06-06 01:07:00,asd,44.439505,26.056903,True,3
sensor-10,light,52.8,lux,2025-06-06 01:08:00,asd,44.439505,26.056903,True,1
sensor-10,light,15.56,lux,2025-06-06 01:09:00,asd,44.439505,26.056903,True,0
sensor-10,light,74.11,lux,2025-06-06 01:10:00,asd,44.439505,26.056903,False,0
sensor-10,light,36.06,lux,2025-06-06 01:11:00,asd,44.439505,26.056903,True,1
sensor-10,light,55.71,lux,2025-06-06 01:12:00,asd,44.439505,26.056903,True,1
sensor-10,light,1.55,lux,2025-06-06 01:13:00,asd,44.439505,26.056903,True,2
sensor-10,light,78.36,lux,2025-06-06 01:14:00,asd,44.439505,26.056903,False,3
sensor-10,light,40.83,lux,2025-06-06 01:15:00,asd,44.439505,26.056903,False,1
sensor-10,light,73.34,lux,2025-06-06 01:16:00,asd,44.439505,26.056903,False,1
sensor-10,light,32.02,lux,2025-06-06 01:17:00,asd,44.439505,26.056903,False,2
sensor-10,light,67.3,lux,2025-06-06 01:18:00,asd,44.439505,26.056903,True,3
sensor-10,light,54.39,lux,2025-06-06 01:19:00,asd,44.439505,26.056903,False,1
sensor-10,light,43.18,lux,2025-06-06 01:20:00,asd,44.439505,26.056903,True,0
sensor-10,light,44.94,lux,2025-06-06 01:21:00,asd,44.439505,26.056903,True,0
sensor-10,light,44.74,lux,2025-06-06 01:22:00,asd,44.439505,26.056903,True,0
sensor-10,light,54.5,lux,2025-06-06 01:23:00,asd,44.439505,26.056903,False,3
sensor-10,light,79.02,lux,2025-06-06 01:24:00,asd,44.439505,26.056903,True,0
sensor-10,light,39.91,lux,2025-06-06 01:25:00,asd,44.439505,26.056903,False,3
sensor-10,light,42.73,lux,2025-06-06 01:26:00,asd,44.439505,26.056903,False,3
sensor-10,light,52.58,lux,2025-06-06 01:27:00,asd,44.439505,26.056903,False,3
sensor-10,light,13.64,lux,2025-06-06 01:28:00,asd,44.439505,26.056903,True,1
sensor-10,light,92.16,lux,2025-06-06 01:29:00,asd,44.439505,26.056903,True,0
sensor-10,light,12.7,lux,2025-06-06 01:30:00,asd,44.439505,26.056903,False,0
sensor-10,light,41.68,lux,2025-06-06 01:31:00,asd,44.439505,26.056903,False,0
sensor-10,light,25.18,lux,2025-06-06 01:32:00,asd,44.439505,26.056903,False,2
sensor-10,light,80.58,lux,2025-06-06 01:33:00,asd,44.439505,26.056903,True,3
sensor-10,light,45.98,lux,2025-06-06 01:34:00,asd,44.439505,26.056903,False,3
sensor-10,light,39.98,lux,2025-06-06 01:35:00,asd,44.439505,26.056903,False,1
sensor-10,light,90.22,lux,2025-06-06 01:36:00,asd,44.439505,26.056903,False,1
sensor-10,light,30.65,lux,2025-06-06 01:37:00,asd,44.439505,26.056903,True,3
sensor-10,light,61.46,lux,2025-06-06 01:38:00,asd,44.439505,26.056903,False,2
sensor-10,light,38.93,lux,2025-06-06 01:39:00,asd,44.439505,26.056903,True,0
